label,latitude,longitude,x,y,z,q1,q2,q3,q4,right_is_open,left_is_open,line_is_stop,signal_is_stop,isnot_skipnum,node,utm_x,utm_y,x_rotated,y_rotated,error_before,error_after
0,36.0830041,140.0763757,-0.022003402931357,-0.010129501566913,0.003185739180312,0,0,8.94727331837398E-05,0.999999502825522,2,2,0,0,1,-1,0,0,-0.022003402931357,-0.010129501566913,0.024223058076009,0.024223058076009
1,36.082982,140.0764088,3.17803013767223,-2.48165861845672,-0.067064473049306,0,0,-0.319391720885541,0.947602815827809,2,2,0,0,1,-1,2.97782410394131,-2.46016074601504,3.17803013767223,-2.48165861845672,0.581361285373634,0.201356932986635
2,36.082961,140.076448,6.73177208167145,-4.56160379029697,-0.202762128142383,0,0,-0.05302332109205,0.998577823265089,2,2,0,0,1,-1,6.50443150268858,-4.79787005309942,6.73177208167145,-4.56160379029697,1.24413882685555,0.327880291861073
3,36.0829566,140.0764934,10.7021014922337,-5.04827074084301,-0.315005885746023,0,0,-0.094788375560506,0.995471850974692,2,2,0,0,1,-1,10.5888186431527,-5.28767581277693,10.7021014922337,-5.04827074084301,1.60687112650765,0.264854285152412
4,36.0829514,140.0765385,14.6965419428989,-5.5991053916193,-0.399033675000634,0,0,-0.043570933033782,0.999040576865961,2,2,0,0,1,-1,14.6462164403272,-5.86653716454783,14.6965419428989,-5.5991053916193,2.05453117383049,0.272125723482364
5,36.0829502,140.0765845,18.7383684254444,-5.78154238110128,-0.500349122687854,0,0,-0.035297951460832,0.999322406000758,2,2,0,0,1,-1,18.7845822648137,-6.00012055347888,18.7383684254444,-5.78154238110128,2.42768276546286,0.223410242355155
6,36.0829458,140.0766304,22.8692338538426,-6.24673610336645,-0.611888777718152,0,0,0.044679448778246,0.998992273774443,2,2,0,0,1,-1,22.9139516423894,-6.4899263131564,22.8692338538426,-6.24673610336645,2.91949338263927,0.247267383110259
7,36.0829415,140.0766762,26.8543256967164,-6.6939955555133,-0.716039939405068,0,0,-0.009509436727248,0.999953227715962,2,2,0,0,1,-1,27.0343245704972,-6.96860012362449,26.8543256967164,-6.6939955555133,3.38361804488598,0.328340164143628
8,36.0829399,140.0767235,30.9821364449148,-6.902391294148,-0.807349049812632,0,0,0.020414056329873,0.999786992908348,2,2,0,0,1,-1,31.2896442124964,-7.14671130860224,30.9821364449148,-6.902391294148,3.80776364269312,0.392750934545028
9,36.082936,140.0767686,34.9867601657158,-7.2836718122264,-0.900076487931166,0,0,0.008191477918742,0.999961113831645,2,2,0,0,1,-1,35.3470420096709,-7.58085732302364,34.9867601657158,-7.2836718122264,4.31337372825027,0.46703558206147
10,36.0829352,140.0768149,39.0015834585008,-7.3746631329207,-0.987089530584909,0,0,-0.095134156156676,0.995411294544225,2,2,0,0,1,-1,39.5123971774471,-7.66991291511703,39.0015834585008,-7.3746631329207,4.76065986688971,0.590002618088101
11,36.0829293,140.0768603,43.0520729241532,-7.92017155402408,-1.08128898949983,0,0,0.039989058255633,0.999193097084337,2,2,0,0,1,-1,43.5967843179113,-8.32669791135384,43.0520729241532,-7.92017155402408,5.33417672980835,0.679686826188157
12,36.082927,140.076906,47.1250153999345,-8.13775594897039,-1.17220111318676,0,0,0.031741056615715,0.999496022357704,2,2,0,0,1,-1,47.7081607991082,-8.58273274000653,47.1250153999345,-8.13775594897039,5.83491114503599,0.733527709863913
13,36.082925,140.0769505,51.1916779886813,-8.24493890766216,-1.26074546997323,0,0,0.034104491074678,0.999415659459178,2,2,0,0,1,-1,51.7115799122602,-8.80537172182194,51.1916779886813,-8.24493890766216,6.41210455812561,0.764449441969909
14,36.0829301,140.0769661,52.62339444311,-7.47555693027458,-1.29859518016714,0,0,0.538560894529258,0.842539888236676,2,2,0,0,1,-1,53.1150257147418,-8.23764231846948,52.62339444311,-7.47555693027458,6.77042786251966,0.906904320282185
15,36.0829668,140.076981,53.7590073727487,-3.53915669103081,-1.33761280203917,0,0,0.632970229814085,0.77413149028463,2,2,0,0,1,-1,54.4554963837331,-4.15221700607202,53.7590073727487,-3.53915669103081,6.75520935925754,0.927868467133323
16,36.083003,140.0769802,53.6587804322746,0.593883012865328,-1.34908869114953,0,0,0.725367259093863,0.688311355954636,2,2,0,0,1,-1,54.3835248033319,-0.122451439721635,53.6587804322746,0.593883012865328,6.88458802869434,1.01901396032744
17,36.0830404,140.0769809,53.6626527035646,4.71246338389714,-1.36468787976475,0,0,0.796382393148069,0.604592533832122,2,2,0,0,1,-1,54.4464999368222,4.04089751635077,53.6626527035646,4.71246338389714,6.9218828742622,1.03219048607264
18,36.0830754,140.076974,52.9743687225281,8.70529320132726,-1.37298039508079,0,0,0.728263351297506,0.685013388106194,2,2,0,0,1,-1,53.8257450641719,7.9370796937701,52.9743687225281,8.70529320132726,7.0567619939488,1.14673173336407
19,36.0831117,140.0769722,52.631114020695,12.7246979430195,-1.39315005284008,0,0,0.706400508883452,0.707448886748618,2,2,0,0,1,-1,53.6638090095477,11.9779772093299,52.631114020695,12.7246979430195,7.19816897137671,1.27438251483745
20,36.0831489,140.0769741,52.8416600925051,16.7984797851954,-1.42177505084049,0,0,0.733033835708616,0.679536002379822,2,2,0,0,1,-1,53.8347415110829,16.1190622669835,52.8416600925051,16.7984797851954,7.31126147018473,1.2032534512635
21,36.0831833,140.0769569,51.3183877643515,20.5540762088774,-1.36858295481562,0,0,0.843435912970505,0.536080817926069,2,2,0,0,1,-1,52.2873525503559,19.9484527507283,51.3183877643515,20.5540762088774,7.25722944013731,1.14266028616429
22,36.0832202,140.0769486,50.8803453786927,24.5372614584684,-1.42686124902972,0,0,0.695894546847799,0.717922970147834,2,2,0,0,1,-1,51.5406474107251,24.0561419607536,50.8803453786927,24.5372614584684,7.15742891665537,0.816991275710746
23,36.0832573,140.0769547,51.5190469945537,28.5386195807211,-1.60856660307822,0,0,0.677290381053074,0.735075974155762,2,2,0,0,1,-1,52.089430705531,28.1860950691977,51.5190469945537,28.5386195807211,7.2897304602948,0.670530468340582
24,36.083295,140.0769595,51.7503454949383,32.5382754047645,-1.75301358230513,0,0,0.782520448689556,0.621399775188312,2,2,0,0,1,-1,52.5212601828243,32.3828398721074,51.7503454949383,32.5382754047645,7.52747237578361,0.786428420652998
25,36.0833348,140.0769617,51.9765443218821,36.5829563301779,-1.90563266393197,0,0,0.707508907114966,0.706371539133075,2,2,0,0,1,-1,52.7191820276491,36.813355605251,51.9765443218821,36.5829563301779,7.52615433126185,0.777556806915822
26,36.0833729,140.0769665,52.2840030369152,40.5726838431626,-2.13080814336584,0,0,0.716724468904516,0.697069259337117,2,2,0,0,1,-1,53.1510115049424,41.0546282049983,52.2840030369152,40.5726838431626,7.77466216668449,0.991954662036512
27,36.08341,140.0769719,52.5426056737975,44.5973755248149,-2.32724313566293,0,0,0.702741360545679,0.711128891636992,2,2,0,0,1,-1,53.6368196662581,45.1845813134425,52.5426056737975,44.5973755248149,8.23471114840806,1.24181918953372
28,36.0834423,140.0769852,53.173175697709,48.6046265599318,-2.545299516915,0,0,0.686934521880924,0.726490076796244,2,2,0,0,1,-1,54.8333471770039,48.7802008661624,53.173175697709,48.6046265599318,9.32671137398264,1.6694297462525
29,36.0834752,140.0770005,53.3920619622107,52.6272515183376,-2.78738248522491,0,0,0.741517759452458,0.670279293488156,2,2,0,0,1,-1,56.2098036361958,52.4426121125569,53.3920619622107,52.6272515183376,10.8600601565126,2.82378466804382
30,36.0835074,140.077004,53.072135655362,56.6287997778115,-3.03379219362721,0,0,0.746935228006714,0.664224789119355,2,2,0,0,1,-1,56.5246792959763,56.0270997160675,53.072135655362,56.6287997778115,11.9684464147089,3.50458279323648
31,36.0835351,140.0770241,53.2626233548683,60.6492472044417,-3.22249464972244,0,0,0.708793184095411,0.705201661271265,2,2,0,0,1,-1,58.3329652324615,59.110649611482,53.2626233548683,60.6492472044417,14.2274865902757,5.29864598824426
32,36.083561,140.0770426,53.6131597267513,64.6388288360128,-3.46046955512453,0,0,0.694236882543181,0.719285809757081,2,2,0,0,1,-1,59.9973080107012,61.9938244227091,53.6131597267513,64.6388288360128,16.3193892369844,6.91038332206372
33,36.0835907,140.0770362,54.0376983547469,68.6265231865592,-3.66849535890849,0,0,0.692790076488778,0.720816324021094,2,2,0,0,1,-1,59.4215353726055,65.3000132991481,54.0376983547469,68.6265231865592,16.231524968977,6.32861509857481
34,36.0836187,140.0770439,54.3598427117558,72.6669053396365,-3.88367155687995,0,0,0.713427215329176,0.700217263432639,2,2,0,0,1,-1,60.1142618282139,68.4169590413999,54.3598427117558,72.6669053396365,17.4433127155863,7.15369714942936
35,36.0836417,140.0770677,54.6763291178749,76.6870654308175,-4.10595461033936,0,0,0.675522833541995,0.737013273014066,2,2,0,0,1,-1,62.2554163183014,70.9773073302997,54.6763291178749,76.6870654308175,20.1563486189344,9.48914645045047
36,36.0836639,140.0770856,55.1227714396813,80.6962422990824,-4.31935367034997,0,0,0.731857925424057,0.68108051861852,2,2,0,0,1,-1,63.8657804125187,73.4486000255242,55.1227714396813,80.6962422990824,22.3801550733393,11.3564309721225
37,36.083701,140.0770622,55.2841305010718,84.7361668233699,-4.5411202253668,0,0,0.696196076230742,0.717672211185902,2,2,0,0,1,-1,61.7606117100748,77.5785531339683,55.2841305010718,84.7361668233699,20.8726996528127,9.65278418785368
38,36.0837724,140.0769779,55.2215152658352,88.7577241048336,-4.74700207669759,0,0,0.913677303484333,0.405402987751718,2,2,0,0,1,-1,54.1766065141531,85.5267647769479,55.2215152658352,88.7577241048336,12.92810967654,3.39572267386397
39,36.0837794,140.0769731,54.5261821716483,89.1383851551702,-4.74367295742715,0,0,0.999099207871386,-0.011421542251361,2,2,0,0,1,-1,53.7447770368598,86.3060012121153,54.5261821716483,89.1383851551702,12.8281647797862,2.93819549818403
40,36.0837804,140.076969,54.0700570969154,89.0772856015153,-4.73441312012437,0,0,0.999359046469552,0.018843462234547,2,2,0,0,1,-1,53.3759226904999,86.4173207026276,54.0700570969154,89.0772856015153,12.7413089064702,2.74904271292473
41,36.0837921,140.076933,50.0868392408895,89.675752714031,-4.69644820877484,0,0,0.994622208397808,0.096846382300865,2,2,0,0,1,-1,50.1372016108005,87.7197587451008,50.0868392408895,89.675752714031,12.6727729444259,1.95664221941425
42,36.083803,140.0769074,47.2291711953387,90.5428124759565,-4.69651815272715,0,0,0.999231049665348,-0.008414596355241,2,2,0,0,1,-1,47.8341110635318,88.9331411946897,47.2291711953387,90.5428124759565,12.8565039594102,1.71959119498344
43,36.0838039,140.0768915,45.8826331611007,90.5429882623075,-4.64097472645485,0,0,0.999134092310642,0.020270221101065,2,2,0,0,1,-1,46.4036759203175,89.0333287367834,45.8826331611007,90.5429882623075,12.6520918817376,1.59704647394424
44,36.0838095,140.0768734,44.1277503502778,90.9355220644886,-4.61373952006657,0,0,0.998738664770078,-0.031748801145234,2,2,0,0,1,-1,44.7753189322784,89.656717885392,44.1277503502778,90.9355220644886,12.5909098823923,1.43341731427698
45,36.0838104,140.0768619,43.0057096836034,90.8706559812589,-4.62906742134504,0,0,0.99946852781444,0.009560008864992,2,2,0,0,1,-1,43.7407274761567,89.7569054266948,43.0057096836034,90.8706559812589,12.527480828419,1.33442551428017
46,36.0838159,140.0768403,40.8773616881637,91.2010888453063,-4.57991459831722,0,0,0.999187639462924,-0.004665181024429,2,2,0,0,1,-1,41.7974948283371,90.369162626094,40.8773616881637,91.2010888453063,12.5023412592214,1.24046210335436
47,36.0838068,140.0768177,38.7906690090071,89.7967142998074,-4.45416512763737,0,0,0.858491944179995,-0.510823862483974,2,2,0,0,1,-1,39.7642977062944,89.3561552599017,38.7906690090071,89.7967142998074,12.1627961973456,1.06866510555176
48,36.0837912,140.0767924,36.3687150691728,87.7517488746045,-4.21368153312048,0,0,0.999211828333458,0.001554561159622,2,2,0,0,1,-1,37.4881965023154,87.619571203798,36.3687150691728,87.7517488746045,11.8789985082432,1.12725756409564
49,36.0837912,140.0767924,36.3979527440247,87.773541121018,-4.21479270202788,0,0,0.999026821974032,-0.013438822111161,2,2,0,0,1,-1,37.4881965023154,87.619571203798,36.3979527440247,87.773541121018,11.8615204047316,1.10106229973628
50,36.0837913,140.076791,36.3112501445951,87.7635984146444,-4.24390691865083,0,0,0.999088514490694,0.022874353407962,2,2,0,0,1,-1,37.3622462378918,87.6307031530074,36.3112501445951,87.7635984146444,11.8130083006428,1.05936487514469
51,36.083795,140.0767737,34.611517461678,88.1079148658363,-4.23826631886294,0,0,0.998772301025081,-0.005436305888691,2,2,0,0,1,-1,35.8058608302538,88.042585268219,34.611517461678,88.1079148658363,11.8980033739442,1.19612877165706
52,36.0837953,140.0767633,33.744462496735,88.0902276086543,-4.225677155933,0,0,0.999193764266341,0.007062216381227,2,2,0,0,1,-1,34.8702302952661,88.0759811158473,33.744462496735,88.0902276086543,11.7828172254041,1.12585793898123
53,36.0837953,140.0767633,33.7612861143106,88.1425389193567,-4.25481242779935,0,0,0.999028914738167,-0.006372295121002,2,2,0,0,1,-1,34.8702302952661,88.0759811158473,33.7612861143106,88.1425389193567,11.7875276619874,1.11093975429952
54,36.0837956,140.0767617,33.5908702992253,88.1949292706011,-4.26734111688719,0,0,0.997900563492382,0.036573509519244,2,2,0,0,1,-1,34.7262871370207,88.1093769626845,33.5908702992253,88.1949292706011,11.8173896280734,1.13863540825809
55,36.0837982,140.0767453,32.0434955290604,88.2774611048871,-4.21245495230729,0,0,0.998845339169842,-0.009134061668924,2,2,0,0,1,-1,33.2508697566949,88.3988076389655,32.0434955290604,88.2774611048871,11.7846286279003,1.21345684179072
56,36.0837993,140.0767154,29.2737720820137,88.400951781776,-4.18075973788913,0,0,0.998862469533807,0.00303037679202,2,2,0,0,1,-1,30.5609319692445,88.5212590786871,29.2737720820137,88.400951781776,11.7843921016546,1.29277005727468
57,36.0838034,140.076686,26.6944926647473,88.7331352484089,-4.12880967648639,0,0,0.999083210782142,-0.003335455521896,2,2,0,0,1,-1,27.9159764214625,88.9776689915273,26.6944926647473,88.7331352484089,11.654391360759,1.24572040179268
58,36.0838042,140.076656,23.8947698183219,88.7851373321035,-4.10955865188849,0,0,0.999273986552891,0.004358356899311,2,2,0,0,1,-1,25.2170421871011,89.0667245836207,23.8947698183219,88.7851373321035,11.6799899462255,1.35192292585562
59,36.0838055,140.0766453,22.7782365279813,88.9729222011535,-4.10403731669333,0,0,0.998844903832176,-0.008061960354572,2,2,0,0,1,-1,24.2544223113807,89.2114399217612,22.7782365279813,88.9729222011535,11.8329470423007,1.49533112391682
60,36.0838063,140.0766364,22.151503620424,88.9936510622059,-4.02403894337113,0,0,0.998825700925142,-0.000135549808112,2,2,0,0,1,-1,23.4537384877275,89.3004955146455,22.151503620424,88.9936510622059,11.6389746601716,1.33789729337268
61,36.0838071,140.0766287,21.3729648399715,89.006518898567,-3.99042570492804,0,0,0.998878025497478,-0.001804293748916,2,2,0,0,1,-1,22.7610120346761,89.3895511075299,21.3729648399715,89.006518898567,11.6987014574889,1.43992662584949
62,36.0838075,140.0766248,20.9548569248704,89.0944263262009,-4.00274746116546,0,0,0.998885227232437,0.000863672287682,2,2,0,0,1,-1,22.4101505846949,89.4340789035766,20.9548569248704,89.0944263262009,11.7720668933928,1.49440406505182
63,36.0838083,140.0766174,20.4328092248562,89.1701568995976,-4.00518559316356,0,0,0.99878537502311,-0.001403078824448,2,2,0,0,1,-1,21.7444134749332,89.523134496461,20.4328092248562,89.1701568995976,11.6257474497027,1.358270552102
64,36.0838089,140.0766121,19.7718348913392,89.2251298662643,-3.9721176035831,0,0,0.998704670927982,-0.000606877775394,2,2,0,0,1,-1,21.2676017605285,89.5899261909265,19.7718348913392,89.2251298662643,11.8006654424186,1.53960867932447
65,36.083809,140.0766103,19.6536162191994,89.2266333869626,-3.98791478166212,0,0,0.998861109563978,-0.005064669738285,2,2,0,0,1,-1,21.1056657059042,89.6010581393449,19.6536162191994,89.2266333869626,11.7541036017607,1.49954713398286
66,36.0838096,140.0766048,19.231452371867,89.2556004882412,-3.98766410399717,0,0,0.998829384156304,-0.000944248853594,2,2,0,0,1,-1,20.6108610951207,89.6678498338105,19.231452371867,89.2556004882412,11.673383767683,1.43969369961485
67,36.0838097,140.0766009,18.7550644847705,89.2972551462799,-3.96611083004261,0,0,0.998928400837537,-0.00308018533123,2,2,0,0,1,-1,20.2599996451396,89.6789817830199,18.7550644847705,89.2972551462799,11.7975354955537,1.55259301238668
68,36.0838136,140.076556,14.7428684659975,89.5242886951231,-3.90251122328028,0,0,0.998547504824498,-0.015243531527578,2,2,0,0,1,-1,16.2205947417869,90.1131277974413,14.7428684659975,89.5242886951231,11.723150482169,1.59072512854274
69,36.0838143,140.0765474,13.9252578714983,89.5843803774927,-3.90052784410618,0,0,0.999035919892333,-0.00040237548493,2,2,0,0,1,-1,15.4469002614234,90.1910514411162,13.9252578714983,89.5843803774927,11.7643360491351,1.6381225052648
70,36.0838189,140.0765044,9.99977368213922,90.0851777739021,-3.87180029468549,0,0,0.998925530382511,-0.010002645129365,2,2,0,0,1,-1,11.5784278621629,90.7031210984216,9.99977368213922,90.0851777739021,11.8463858650152,1.69528846289483
71,36.0838191,140.0764985,9.39485551293788,90.1136821709708,-3.83931486151077,0,0,0.998999335178902,0.004334477913006,2,2,0,0,1,-1,11.0476374611787,90.7253849968405,9.39485551293788,90.1136821709708,11.9203528288092,1.76234744463391
72,36.0838202,140.0764917,8.74766593997694,90.1502995254066,-3.83536940654797,0,0,0.998820525066355,-0.010285675912303,2,2,0,0,1,-1,10.4358790354394,90.8478364365621,8.74766593997694,90.1502995254066,11.9585261107773,1.82664205527938
73,36.0838215,140.0764691,6.62785595300583,90.2532422400126,-3.80344258522833,0,0,0.998917800460021,0.001236372200257,2,2,0,0,1,-1,8.40268191339674,90.9925517747025,6.62785595300583,90.2532422400126,12.0531732002603,1.92265071652677
74,36.0838234,140.0764525,5.26500267691613,90.406619192709,-3.78096289354564,0,0,0.999161920474902,-0.00132345921319,2,2,0,0,1,-1,6.90927163669216,91.2040588073085,5.26500267691613,90.406619192709,11.9434469559351,1.82743819348714
75,36.0838234,140.0764525,5.2504471670927,90.4131829644528,-3.78491199881097,0,0,0.999140901898426,0.001045920301435,2,2,0,0,1,-1,6.90927163669216,91.2040588073085,5.2504471670927,90.4131829644528,11.9583015524235,1.83771140817993
76,36.0838234,140.0764525,5.10402979684385,90.4163501166384,-3.77832166867642,0,0,0.999290939725741,-0.002468071480174,2,2,0,0,1,-1,6.90927163669216,91.2040588073085,5.10402979684385,90.4163501166384,12.1047013236146,1.96961495772554
77,36.0838232,140.0764501,4.87262194386433,90.441722228617,-3.75922900258446,0,0,0.999215625144447,0.006478798571349,2,2,0,0,1,-1,6.69335689804553,91.1817949088897,4.87262194386433,90.441722228617,12.1201732779603,1.96539648556297
78,36.0838278,140.0764081,0.904761729156376,91.1640105102323,-3.76271507037181,0,0,0.997253285124482,0.063013422386945,2,2,0,0,1,-1,2.91484897045103,91.693864566986,0.904761729156376,91.1640105102323,12.3828930442293,2.07874867145452
79,36.0838286,140.0764019,0.33725614177224,91.2644457976946,-3.75750684812688,0,0,0.998184169090052,-0.041593584815763,2,2,0,0,1,-1,2.3570692312911,91.7829201590794,0.33725614177224,91.2644457976946,12.4047772090425,2.08529628110853
80,36.0838293,140.0763939,-0.455649398075723,91.2335467587471,-3.70386392600594,0,0,0.999129797849181,0.005518178771102,2,2,0,0,1,-1,1.63735343495002,91.8608438027544,-0.455649398075723,91.2335467587471,12.4876803519402,2.18498568427209
81,36.0838305,140.0763864,-1.26015111182144,91.2528956461676,-3.69568916734177,0,0,0.999161352435177,-0.004286611885497,2,2,0,0,1,-1,0.962619875720449,91.9944271916854,-1.26015111182144,91.2528956461676,12.6360931479806,2.34319864630722
82,36.083832,140.0763826,-1.50873418418082,91.2865247605854,-3.69362451020669,0,0,0.999232285374034,0.006372973216291,2,2,0,0,1,-1,0.620754872650207,92.1614064282447,-1.50873418418082,91.2865247605854,12.5656390090387,2.30220363468773
83,36.0838331,140.0763569,-3.91313290520487,91.5200740826501,-3.68466128798439,0,0,0.999173424139396,-0.003968848242103,2,2,0,0,1,-1,-1.69133211897244,92.2838578679664,-3.91313290520487,91.5200740826501,12.6900675883654,2.34941788628908
84,36.0838334,140.0763524,-4.38991419745004,91.5624524334079,-3.66059469257109,0,0,0.99917945675562,0.003600894575236,2,2,0,0,1,-1,-2.09617225553296,92.3172537148036,-4.38991419745004,91.5624524334079,12.7694551078326,2.41474161568193
85,36.0838333,140.076348,-4.7195222514304,91.5950723370729,-3.67230649624586,0,0,0.999073713328985,-0.00171398256064,2,2,0,0,1,-1,-2.49201594262563,92.3061217655942,-4.7195222514304,91.5950723370729,12.7045737879132,2.33824199893115
86,36.0838348,140.0763309,-6.41351236623399,91.6493335816317,-3.65228540247316,0,0,0.999045608973557,0.01379669670622,2,2,0,0,1,-1,-4.03040845644172,92.4731010021535,-6.41351236623399,91.6493335816317,12.9009155044586,2.52146326722807
87,36.0838352,140.0763235,-7.08378915890962,91.7021760990943,-3.63294846723616,0,0,0.999175454140258,-0.004982776510941,2,2,0,0,1,-1,-4.69614556620344,92.5176287982002,-7.08378915890962,91.7021760990943,12.9184792966288,2.52305470219533
88,36.0838351,140.0763217,-7.32688718438261,91.7250395305866,-3.64772623137789,0,0,0.999115034136467,0.000114589220336,2,2,0,0,1,-1,-4.85808162082764,92.5064968497818,-7.32688718438261,91.7250395305866,12.9983939177372,2.58953209139483
89,36.0838371,140.076307,-8.6570391410702,91.8461421783027,-3.63203339130661,0,0,0.999247295149237,-0.00116626751397,2,2,0,0,1,-1,-6.18055939599711,92.7291358308062,-8.6570391410702,91.8461421783027,13.0562249197744,2.62918803399808
90,36.0838399,140.0762626,-12.6610589771959,92.0171054669406,-3.59257834657214,0,0,0.999024674384887,-0.016990193319067,2,2,0,0,1,-1,-10.1749820596813,93.040830405506,-12.6610589771959,92.0171054669406,13.1842297887434,2.68860394808153
91,36.0838402,140.0762603,-12.9092885346261,92.0540231157069,-3.60344796790308,0,0,0.999099441084886,0.006559247922254,2,2,0,0,1,-1,-10.381900351417,93.0742262523432,-12.9092885346261,92.0540231157069,13.2326858836736,2.7255284751086
92,36.0838434,140.076217,-16.8543171581789,92.717818942887,-3.58720153451528,0,0,0.999006637086799,0.025627624308964,2,2,0,0,1,-1,-14.2773620965242,93.4304486230897,-16.8543171581789,92.717818942887,13.3631856262447,2.67367508326904
93,36.0838436,140.0762098,-17.5364234812039,92.7988847361023,-3.59633868317992,0,0,0.999201026290773,-0.000861284685676,2,2,0,0,1,-1,-14.9251063124641,93.4527125215086,-17.5364234812039,92.7988847361023,13.4057607776056,2.69192647164154
94,36.0838469,140.0761806,-20.5664172116172,92.8573353703583,-3.57162592675611,0,0,0.999107581016196,0.003248373387544,2,2,0,0,1,-1,-17.5520689664242,93.8200668406734,-20.5664172116172,92.8573353703583,13.9523358310245,3.16435573651783
95,36.0838473,140.0761689,-21.7250381786698,93.0584192352108,-3.55465738589806,0,0,0.999148836658581,-0.001478933906929,2,2,0,0,1,-1,-18.6046533163677,93.8645946367202,-21.7250381786698,93.0584192352108,14.0622956315207,3.22284353744997
96,36.083849,140.0761556,-23.0233192128168,93.0665527701621,-3.5583552421933,0,0,0.998961705715069,0.030100494800347,2,2,0,0,1,-1,-19.8011808271136,94.0538377716983,-23.0233192128168,93.0665527701621,14.2461485256346,3.37000110547171
97,36.0838574,140.0761129,-26.9857249012534,93.7244401563092,-3.58064164259624,0,0,0.98769849598145,0.151638699787567,2,2,0,0,1,-1,-23.6426638856414,94.9889214942156,-26.9857249012534,93.7244401563092,14.6378631288353,3.57420900452379
98,36.0838677,140.0760705,-30.457644920049,95.7171638716663,-3.69639583160166,0,0,0.97242133086242,0.231434959617334,2,2,0,0,1,-1,-27.4571576034365,96.135512249339,-30.457644920049,95.7171638716663,14.3634287743498,3.02951142962916
99,36.0838828,140.0760322,-33.8954719352933,97.5753403331316,-3.77990777010402,0,0,0.999169743296456,-0.016554372758074,2,2,0,0,1,-1,-30.9027969748716,97.8164365601866,-33.8954719352933,97.5753403331316,14.6057243997433,3.00237086473925
100,36.0838842,140.0760043,-36.2959938865806,97.6507174576996,-3.74757870689047,0,0,0.999126932928902,0.001818953487464,2,2,0,0,1,-1,-33.4128058113191,97.9722838475364,-36.2959938865806,97.6507174576996,14.6140001399767,2.90106504932294
101,36.0838906,140.0759558,-40.2690981330387,98.213434239869,-3.76203888094466,0,0,0.999311793519388,0.008952542519511,2,2,0,0,1,-1,-37.7760828213632,98.6847285882384,-40.2690981330387,98.213434239869,14.5090360126262,2.53717238418151
102,36.0838944,140.0759253,-43.0441343892004,98.614269850033,-3.78717595764697,0,0,0.998945879943603,-0.017208282112668,2,2,0,0,1,-1,-40.5199992928361,99.1077426534504,-43.0441343892004,98.614269850033,14.6982578471803,2.57192017613509
103,36.0838928,140.0758797,-46.9779636188086,97.3964287421486,-3.7427927228021,0,0,0.98189218867418,-0.183647166354632,2,2,0,0,1,-1,-44.622379327122,98.9296314684726,-46.9779636188086,97.3964287421486,15.0720838711556,2.81060277436141
104,36.0838781,140.0758532,-49.2223846162919,95.3461719541844,-3.57341669036189,0,0,0.738934420886117,-0.672432912440146,2,2,0,0,1,-1,-47.0064379017028,97.2932349536718,-49.2223846162919,95.3461719541844,15.0809365820731,2.94982612468446
105,36.0838407,140.0758473,-49.6617263946976,91.2789185610899,-3.33236101984918,0,0,0.682147680400529,-0.729915877307097,2,2,0,0,1,-1,-47.53722830013,93.1298859975994,-49.6617263946976,91.2789185610899,14.5765055175017,2.81772472126712
106,36.083805,140.0758424,-50.0260066387941,87.1781684985366,-3.0849016616995,0,0,0.71387518346954,-0.698871843463326,2,2,0,0,1,-1,-47.9780542243342,89.1557801765051,-50.0260066387941,87.1781684985366,14.2082987928866,2.84693818702292
107,36.0837687,140.0758386,-50.3188087317987,83.1351698024997,-2.8374450009945,0,0,0.727269098016215,-0.685106594622085,2,2,0,0,1,-1,-48.3199192274044,85.1148826609453,-50.3188087317987,83.1351698024997,13.8014816755957,2.81332938929524
108,36.0837339,140.075835,-50.6369783054525,79.1181668021192,-2.62307833987704,0,0,0.721286895369797,-0.691095616398063,2,2,0,0,1,-1,-48.6437913366528,81.2409643811538,-50.6369783054525,79.1181668021192,13.5267210375734,2.91188321437315
109,36.0837119,140.0758245,-51.1877893678017,75.1054344823215,-2.36671036272851,0,0,0.70385745608296,-0.709078144249484,2,2,0,0,1,-1,-49.5884183185515,78.7919355835572,-51.1877893678017,75.1054344823215,13.9617484115152,4.01849202096908
110,36.0836875,140.075818,-51.4778903865696,71.1050771428555,-2.12846600422911,0,0,0.71157672188832,-0.701396655225091,2,2,0,0,1,-1,-50.1731874010011,76.0757400080985,-51.4778903865696,71.1050771428555,14.4306506729548,5.13904068873343
111,36.0836575,140.0758092,-51.6542584595658,67.1083116331417,-1.91056332827594,0,0,0.701888580190532,-0.711171627043612,2,2,0,0,1,-1,-50.9648747777433,72.7361552848222,-51.6542584595658,67.1083116331417,14.3240268414359,5.66990952560299
112,36.0836244,140.075798,-52.0588175123739,63.0254382472408,-1.66519856471587,0,0,0.740660774910905,-0.670432626887116,2,2,0,0,1,-1,-51.9724768905753,69.0514801392179,-52.0588175123739,63.0254382472408,14.1224907880114,6.026660400822
113,36.083585,140.0757972,-52.0918099469874,58.9479860115427,-1.47523073955852,0,0,0.720079459428072,-0.692596468162812,2,2,0,0,1,-1,-52.0444484709765,64.6654922021211,-52.0918099469874,58.9479860115427,13.59189963826,5.71770234873344
114,36.0835469,140.0757914,-52.6476249437313,54.9837637590024,-1.22384315400986,0,0,0.716552185459532,-0.696167687878545,2,2,0,0,1,-1,-52.5662424224928,60.4242196031647,-52.6476249437313,54.9837637590024,13.1861779217137,5.44106450127576
115,36.0835057,140.0757872,-52.9836921021734,50.9379114432172,-1.0145129683923,0,0,0.619050576795458,-0.784351478873421,2,2,0,0,1,-1,-52.9440932132067,55.8378565818803,-52.9836921021734,50.9379114432172,12.4893372725262,4.90010514518981
116,36.0834634,140.075784,-53.398806822316,46.8956254593723,-0.798459100271696,0,0,0.694173758236594,-0.718955072781045,2,2,0,0,1,-1,-53.2319795322545,51.1290421216653,-53.398806822316,46.8956254593723,11.7630676136077,4.23670248911681
117,36.0834242,140.075779,-53.8530242295311,42.8137175058453,-0.588872843020222,0,0,0.793811766314301,-0.607047247766933,2,2,0,0,1,-1,-53.6818019059265,46.7653180821963,-53.8530242295311,42.8137175058453,11.3350449457574,3.95530835702071
118,36.0834044,140.0757753,-54.1563079026857,40.9370169566106,-0.514767708156942,0,0,0.835980325068735,-0.547772809974423,2,2,0,0,1,-1,-54.0146704595289,44.5611921648339,-54.1563079026857,40.9370169566106,10.9568188752812,3.62694183923653
119,36.0833824,140.0757763,-54.0682478378463,38.7951296148054,-0.415662083394936,0,0,0.609598818442642,-0.792185380525873,2,2,0,0,1,-1,-53.9247059853059,42.1121633672373,-54.0682478378463,38.7951296148054,10.5574389794726,3.32013812637415
120,36.0833447,140.0757774,-53.876505491476,34.7908860240103,-0.296890464271259,0,0,0.700078021699406,-0.71345857604775,2,2,0,0,1,-1,-53.8257450641719,37.9154185643276,-53.876505491476,34.7908860240103,10.1289549030104,3.12494483415015
121,36.0833088,140.0757736,-54.1872224207425,30.7962282625748,-0.200959097358638,0,0,0.698997432288059,-0.714579777191574,2,2,0,0,1,-1,-54.1676100672422,33.9190488448145,-54.1872224207425,30.7962282625748,9.97191246109085,3.12288216768902
122,36.0832705,140.075776,-53.975578933834,26.7859314219917,-0.073587823033226,0,0,0.421945020962785,-0.906316004187277,2,2,0,0,1,-1,-53.9516953285956,29.6555123474393,-53.975578933834,26.7859314219917,9.54808510808526,2.86968031569583
123,36.0832476,140.075818,-50.3747670150344,24.9130940109513,-0.000703604736228,0,0,0.011475796883369,-0.999299484126306,2,2,0,0,1,-1,-50.1731874010011,27.1062960085399,-50.3747670150344,24.9130940109513,8.49903251798186,2.20244621796325
124,36.0832503,140.0758633,-46.3882653896648,25.5934577502547,0.01769546569822,0,0,-0.210589312457123,-0.977042701406453,2,2,0,0,1,-1,-46.0977967100048,27.4068586332393,-46.3882653896648,25.5934577502547,7.78843282986885,1.83651703402733
125,36.0832613,140.0759032,-42.6854179476026,27.123772921644,0.180896565387522,0,0,-0.088565258290162,-0.995964313475558,2,2,0,0,1,-1,-42.5082141777672,28.6313730320376,-42.6854179476026,27.123772921644,7.16355653228347,1.51797867867192
126,36.0832574,140.0759467,-38.6905878525172,26.6018374825704,0.169691925170459,0,0,0.039194792890029,-0.999074804956268,2,2,0,0,1,-1,-38.5947595388382,28.1972270184071,-38.6905878525172,26.6018374825704,6.78126433385242,1.59826494573332
127,36.0832469,140.0759909,-34.7997585119186,25.4489200893512,0.186643920824763,0,0,0.169148282775953,-0.98549079652737,2,2,0,0,1,-1,-34.6183297689759,27.028372364865,-34.7997585119186,25.4489200893512,6.35458156453988,1.58983831863227
128,36.0832264,140.0760249,-31.5134628283266,23.0382586462807,0.193396806002004,0,0,0.215647220427853,-0.976362952434031,2,2,0,0,1,-1,-31.5595376377224,24.7463228038277,-31.5134628283266,23.0382586462807,5.91682990881957,1.7086854755506
129,36.0832049,140.0760633,-27.9323065370102,21.2413191335334,0.210259446773993,0,0,0.002649567028277,-0.999977446312752,2,2,0,0,1,-1,-28.1049018193764,22.3529537514872,-27.9323065370102,21.2413191335334,4.86645841034732,1.12495362363441
130,36.083189,140.0761092,-24.1441137899836,19.8512621223811,0.180822914798985,0,0,0.275875105033085,-0.960993958673153,2,2,0,0,1,-1,-23.9755324418007,20.5829738477553,-24.1441137899836,19.8512621223811,4.24642278546655,0.75088062966437
131,36.0831663,140.0761433,-21.1173123185039,17.2159461866055,0.253405909765584,0,0,0.261285496146501,-0.965016495268096,2,2,0,0,1,-1,-20.9077438636364,18.0560214064837,-21.1173123185039,17.2159461866055,3.90745028179391,0.865820600545566
132,36.0831581,140.0761865,-17.1372659670041,16.6623488640005,0.172742142697771,0,0,-0.206563752658608,-0.97842831515465,2,2,0,0,1,-1,-17.0212785654401,17.1432015823852,-17.1372659670041,16.6623488640005,3.15900825085732,0.494643724411344
133,36.0831551,140.0762321,-13.0762441601916,16.2644436772517,0.134376825832614,0,0,0.006337903286774,-0.999850772225667,2,2,0,0,1,-1,-12.9188985311541,16.8092431100576,-13.0762441601916,16.2644436772517,2.86488240403925,0.567066194515989
134,36.0831621,140.0762776,-8.98150386577928,16.0775131747816,0.0955822439751,0,0,0.026003195503034,-0.999626044376686,2,2,0,0,1,-1,-8.82551494377909,17.588479545225,-8.98150386577928,16.0775131747816,3.2571367768638,1.51899701000288
135,36.0831485,140.0763105,-6.07441191510586,14.2153487347466,0.063689064624592,0,0,0.52250761703711,-0.852399019028366,2,2,0,0,1,-1,-5.8656837336596,16.0745344709368,-6.07441191510586,14.2153487347466,3.18273960138391,1.87086585713222
136,36.0831055,140.0763171,-5.25911648981577,10.2944078346313,0.083092350267568,0,0,0.63943569444664,-0.768618631835228,2,2,0,0,1,-1,-5.27191820429908,11.2877963662558,-5.25911648981577,10.2944078346313,1.99821291284206,0.993471015509138
137,36.083066,140.0763213,-4.805353388942,6.29362920501789,0.07662112864377,0,0,0.626999599733919,-0.778772412867826,2,2,0,0,1,-1,-4.89406741102824,6.89067647994955,-4.805353388942,6.29362920501789,1.32232670925264,0.603602208592746
138,36.0830268,140.0763261,-4.24219110531073,2.3240126303799,0.09096422839119,0,0,0.594778459983901,-0.803711162483459,2,2,0,0,1,-1,-4.46223793373498,2.52695244127154,-4.24219110531073,2.3240126303799,0.698552928458795,0.2993412326164
139,36.0829943,140.0763442,-2.390532243941,-1.25855946850737,0.082420469995416,0,0,0.411224315639037,-0.911367371056505,2,2,0,0,1,-1,-2.83388094569587,-1.09093100986725,-2.390532243941,-1.25855946850737,0.739378851140856,0.473980349269663
140,36.0829868,140.0763498,-1.97636934104144,-1.75056300394451,0.07375745600125,0,0,0.408400278976623,-0.912763688388419,2,2,0,0,1,-1,-2.33007988800142,-1.92582719029083,-1.97636934104144,-1.75056300394451,0.565931735674324,0.394751423108728
141,36.0829865,140.0763491,-2.14925342568886,-1.61164575963858,0.084623679846501,0,0,-0.119469319458326,-0.992809784063866,2,2,0,0,1,-1,-2.3930550214917,-1.95922303791908,-2.14925342568886,-1.61164575963858,0.454822980284953,0.424557631532976
142,36.0829859,140.0763477,-2.18614815213771,-1.74288201447599,0.071011743876257,0,0,-0.616443537047938,-0.787168066201064,2,2,0,0,1,-1,-2.51900528591531,-2.02601473238461,-2.18614815213771,-1.74288201447599,0.546329607472669,0.436987422538634
143,36.08302,140.0763416,-2.70042692738658,2.26566203645843,0.054208043986626,0,0,-0.7573499016842,-0.65281429517392,2,2,0,0,1,-1,-3.06778857816433,1.76997990373192,-2.70042692738658,2.26566203645843,0.217089772659379,0.61697273778219
144,36.0830542,140.0763436,-2.54985289431175,6.28420802033365,0.045008697892533,0,0,-0.793790489633847,-0.607793025290698,2,2,0,0,1,-1,-2.88785962971829,5.57710648905787,-2.54985289431175,6.28420802033365,0.520073580504024,0.783735369058172
145,36.0830727,140.0763466,-2.07395756380857,8.59681602820817,-0.028834133884227,0,0,-0.335756568857659,-0.941941268176,2,2,0,0,1,-1,-2.61796620704924,7.63651706827975,-2.07395756380857,8.59681602820817,0.788887249868097,1.103684509432
146,36.0830784,140.0763932,1.89719992536731,9.18370743751339,-0.107476193398966,0,0,-0.110329132957891,-0.993764537941436,2,2,0,0,1,-1,1.57437830145974,8.27103816609773,1.89719992536731,9.18370743751339,1.29376828033484,0.968080058594688
147,36.083073,140.0764382,5.89488079738215,8.91428753732257,-0.17599568900935,0,0,0.007399044521674,-0.999665790453397,2,2,0,0,1,-1,5.62277965172329,7.669912915908,5.89488079738215,8.91428753732257,2.01027274280671,1.27377675904749
148,36.0830727,140.0764826,9.93506207542776,9.01723386136094,-0.306457712294826,0,0,-0.073152966067306,-0.997282747364653,2,2,0,0,1,-1,9.61720231796442,7.63651706827975,9.93506207542776,9.01723386136094,2.56541505727499,1.41683227239891
149,36.0830755,140.076529,13.9893023226921,9.33182996635075,-0.45291632899793,0,0,0.009259481151794,-0.999929367824261,2,2,0,0,1,-1,13.7915539326516,7.94821164297952,13.9893023226921,9.33182996635075,3.05901877184543,1.39767810690883
150,36.0830722,140.0765742,18.026471963526,8.91804735130237,-0.525713722881128,0,0,-0.031897332245242,-0.999487914711404,2,2,0,0,1,-1,17.8579481767369,7.58085732302364,18.026471963526,8.91804735130237,3.45678352011464,1.34776757582373
151,36.0830768,140.0766195,22.0449818835748,9.44008741909719,-0.623821898309066,0,0,-0.076401061358097,-0.996813373616785,2,2,0,0,1,-1,21.9333388702902,8.09292698111999,22.0449818835748,9.44008741909719,3.93977572204508,1.35177860911697
152,36.0830811,140.0766338,23.3472240251153,10.0900363124863,-0.556870819141388,0,0,-0.587792579723313,-0.808978993575622,2,2,0,0,1,-1,23.219830855259,8.57160079158808,23.3472240251153,10.0900363124863,4.26042009885416,1.52377014370656
153,36.083114,140.0766539,25.0536659789394,13.7581010047029,-0.735901080802121,0,0,-0.49839607845432,-0.866516027486162,2,2,0,0,1,-1,25.0281167917442,12.2340120387736,25.0536659789394,13.7581010047029,4.59668171247827,1.52430309880739
154,36.0831274,140.0766744,27.2380452549427,15.1903978856342,-0.847064593697963,0,0,0.004870201316303,-0.99996727515585,2,2,0,0,1,-1,26.8723885184299,13.725693214643,27.2380452549427,15.1903978856342,4.70759051169755,1.50965712073328
155,36.0831241,140.0767126,31.2361559978916,14.6480670552412,-0.921199556370353,0,0,0.107224853663677,-0.9941835698635,2,2,0,0,1,-1,30.3090314429542,13.3583388954781,31.2361559978916,14.6480670552412,4.82439807246345,1.58838240561083
156,36.0831185,140.0767568,35.3073716879346,14.0291510924724,-0.965692364271197,0,0,-0.016121387476338,-0.999864945868277,2,2,0,0,1,-1,34.2854612128165,12.7349497468695,35.3073716879346,14.0291510924724,5.26317608326996,1.64901732620254
157,36.0831158,140.0767986,39.3456614104303,13.7460237009251,-1.08370388170712,0,0,0.042071921772442,-0.999112709911701,2,2,0,0,1,-1,38.0459762440323,12.4343871221701,39.3456614104303,13.7460237009251,5.70243000166306,1.84650265271489
158,36.0831113,140.0768471,43.338758441553,13.3459132953877,-1.22952660521637,0,0,-0.006879955632443,-0.999891555725143,2,2,0,0,1,-1,42.4092532540764,11.9334494132832,43.338758441553,13.3459132953877,6.29436904002884,1.69086785757954
159,36.0831059,140.0768936,47.3825311730352,12.9336789571825,-1.2600523412741,0,0,-0.00753917065716,-0.999970246358834,2,2,0,0,1,-1,46.5926013182314,11.3323241630935,47.3825311730352,12.9336789571825,6.95413685639873,1.78558851700559
160,36.0831048,140.0769423,51.4354354698575,12.9883430411131,-1.37105474561776,0,0,-0.383141802796269,-0.923621407894463,2,2,0,0,1,-1,50.9738712220973,11.2098727233718,51.4354354698575,12.9883430411131,7.6390947120635,1.83738896967871
161,36.0831396,140.0769565,52.6129517226846,16.822068233837,-1.40701259479433,0,0,-0.688126959837765,-0.725193837519049,2,2,0,0,1,-1,52.2513667601553,15.0837910023723,52.6129517226846,16.822068233837,7.81900599021933,1.77548624848397
162,36.083176,140.0769715,54.0907374170091,20.6082299635732,-1.55239204100524,0,0,-0.436194019608078,-0.899625090812584,2,2,0,0,1,-1,53.6008338760575,19.1358204679325,54.0907374170091,20.6082299635732,7.78141585104087,1.55177163342089
163,36.0831782,140.0769803,54.8824873701751,20.7929225065222,-1.60298482659984,0,0,0.073572080786075,-0.997003718751245,2,2,0,0,1,-1,54.3925212527997,19.3807233473758,54.8824873701751,20.7929225065222,7.81587620824462,1.49478201128786
164,36.0831763,140.0770249,58.9741618482068,20.3637890454476,-1.79457322927444,0,0,0.038054138296182,-0.998901232924193,2,2,0,0,1,-1,58.4049368128627,19.1692163147698,58.9741618482068,20.3637890454476,8.02716014291717,1.32326155756958
165,36.0831735,140.0770693,62.9985594396895,19.9624273194709,-1.99429296651322,0,0,-0.012803147343886,-0.999694103359111,2,2,0,0,1,-1,62.3993594791038,18.857521740861,62.9985594396895,19.9624273194709,8.37102914870602,1.25692359768168
166,36.0831719,140.0771111,67.0470735200383,19.7851216468269,-2.24398224590599,0,0,-0.035897636850228,-0.999067025579858,2,2,0,0,1,-1,66.1598745103195,18.6794105550923,67.0470735200383,19.7851216468269,8.75616784388876,1.41764561905684
167,36.0831692,140.0771562,71.043726709268,19.1850641256053,-2.42378230193335,0,0,0.051799440134929,-0.998208120563331,2,2,0,0,1,-1,70.217272307494,18.3788479303929,71.043726709268,19.1850641256053,8.91368633639719,1.15456114244089
168,36.0831688,140.0771984,75.0849531280863,19.1933638016915,-2.6491596859937,0,0,-0.032978189746343,-0.99910640438629,2,2,0,0,1,-1,74.0137731289103,18.3343201335552,75.0849531280863,19.1933638016915,9.3748968350427,1.37309235465048
169,36.0831672,140.077244,79.0855183758683,18.8358601414117,-2.85205792082659,0,0,0.032274018825577,-0.999239752847799,2,2,0,0,1,-1,78.1161531657532,18.1562089485775,79.0855183758683,18.8358601414117,9.66174539572302,1.18388962935842
170,36.0831638,140.0772853,82.708899506659,18.3442174943048,-3.08019912941591,0,0,-0.001919076055102,-0.999485847067255,2,2,0,0,1,-1,81.8316859598574,17.7777226802032,82.708899506659,18.3442174943048,9.96795963717823,1.0442317659869
172,36.0831642,140.0772889,83.0751935209068,18.3199326061532,-3.10192000623466,0,0,-0.007330749489242,-0.9993392287231,2,2,0,0,1,-1,82.1555580665489,17.8222504762499,83.0751935209068,18.3199326061532,9.93383202670019,1.04566575507532
173,36.0831656,140.0773303,87.0756840662725,18.3737850671301,-3.25376999092256,0,0,-0.083502871654919,-0.996210965232758,2,2,0,0,1,-1,85.880087310121,17.9780977635998,87.0756840662725,18.3737850671301,10.24235376109,1.25937287786228
174,36.0831799,140.0773735,90.9030750121871,19.8448444505729,-3.42592744894855,0,0,-0.202886726714505,-0.979090284406221,2,2,0,0,1,-1,89.7665526057603,19.569966481563,90.9030750121871,19.8448444505729,10.5798596915553,1.16929084412613
175,36.0831933,140.0774184,94.6287081151968,21.304950514633,-3.58645514607546,0,0,0.341729601487441,-0.939054852039285,2,2,0,0,1,-1,93.8059575091129,21.0616476582234,94.6287081151968,21.304950514633,11.0451798284703,0.857971351356477
176,36.0831909,140.0774212,95.1456394950318,21.1753917779032,-3.60019209216267,0,0,-0.218581019992943,-0.975790220659881,2,2,0,0,1,-1,94.0578580379602,20.7944808803613,95.1456394950318,21.1753917779032,11.1874937901057,1.15254570851442
177,36.0832082,140.0774616,98.598464663009,23.3126279658956,-3.86148671683775,0,0,-0.254077971066821,-0.966757393307661,2,2,0,0,1,-1,97.6924228047523,22.7203080714431,98.598464663009,23.3126279658956,11.8489494934024,1.08247619201418
178,36.0832186,140.0775057,102.459641462267,24.6133021987297,-4.07144436258487,0,0,-0.020657326754006,-0.999439183787319,2,2,0,0,1,-1,101.659856127704,23.8780307749849,102.459641462267,24.6133021987297,12.4659785020512,1.08640722013348
179,36.0832142,140.0775498,106.478380833543,24.3042635732264,-4.24817436767791,0,0,-0.081889019320027,-0.996317767508278,2,2,0,0,1,-1,105.627289450655,23.3882250160983,106.478380833543,24.3042635732264,13.0779639001862,1.25039321022281
180,36.0832215,140.0775977,110.46065097234,24.913205028085,-4.44601389202065,0,0,0.085501996154766,-0.995665187100782,2,2,0,0,1,-1,109.936587776677,24.2008572988941,110.46065097234,24.913205028085,13.4049551249103,0.884353730320772
181,36.0832157,140.0776429,114.51037655327,24.4889494664222,-4.62490611239111,0,0,-0.05567342316606,-0.998121038344163,2,2,0,0,1,-1,114.002982023319,23.5552042518666,114.51037655327,24.4889494664222,14.0700409168644,1.06269908004531
182,36.0832178,140.0776875,118.498017556781,24.829256029413,-4.75730363040922,0,0,-0.089557329398447,-0.995785877748821,2,2,0,0,1,-1,118.015397583382,23.7889751828915,118.498017556781,24.829256029413,14.6322476756046,1.14678083275032
183,36.083218,140.0776964,119.171928918611,24.810306978347,-4.78261174752422,0,0,-0.049567124636366,-0.99840188286737,2,2,0,0,1,-1,118.816081407035,23.8112390805193,119.171928918611,24.810306978347,14.6944204487733,1.06054896914959
185,36.083216,140.0777327,122.523248093103,24.7801832434601,-4.88889728992314,0,0,-0.062598665889167,-0.997761780360793,2,2,0,0,1,-1,122.081791827468,23.5886000994949,122.523248093103,24.7801832434601,15.2392012957452,1.27072972084952
186,36.0832139,140.0777791,126.629775211469,24.4459623079552,-4.947855257376,0,0,0.193850275489158,-0.980210070097882,2,2,0,0,1,-1,126.256143442155,23.3548291684701,126.629775211469,24.4459623079552,15.6097583921411,1.15333092697799
187,36.0832027,140.0778227,130.611928514131,23.4285941809764,-5.01732281234399,0,0,-0.036156587336384,-0.999098146288081,2,2,0,0,1,-1,130.178594527995,22.1080508720439,130.611928514131,23.4285941809764,16.2538957180447,1.38982479986057
188,36.0831999,140.0778686,134.607863019415,23.1297686877736,-5.08886962747624,0,0,0.053023416305299,-0.998090954805256,2,2,0,0,1,-1,134.30796390557,21.7963562973441,134.607863019415,23.1297686877736,16.7365449642556,1.36672165470359
189,36.0832011,140.0779149,138.645427684602,23.2634423580235,-5.16146809034608,0,0,-0.094113939361501,-0.995054421914132,2,2,0,0,1,-1,138.473319073346,21.9299396862752,138.645427684602,23.2634423580235,17.2170638212417,1.34456340483744
190,36.0832048,140.07796,142.635920459689,23.7465655562039,-5.29129671729628,0,0,-0.084343347769209,-0.996082044901146,2,2,0,0,1,-1,142.530716870521,22.3418218022778,142.635920459689,23.7465655562039,17.7559522772607,1.40867768114936
191,36.0832042,140.0780049,146.69834599967,23.6932447510558,-5.37431109317925,0,0,-0.027691373513426,-0.999394610267045,2,2,0,0,1,-1,146.570121773874,22.2750301078122,146.69834599967,23.6932447510558,18.2202523375028,1.42399937724406
192,36.0832025,140.0780515,150.758995687494,23.5112802045991,-5.45368173453129,0,0,-0.020442701324233,-0.999466357046974,2,2,0,0,1,-1,150.762466282383,22.0857869736251,150.758995687494,23.5112802045991,18.7063053778693,1.4254974558313
193,36.0832011,140.0780959,154.769651971023,23.3142795621792,-5.50173585229067,0,0,0.027300250687368,-0.998963892975791,2,2,0,0,1,-1,154.756888948624,21.9299396862752,154.769651971023,23.3142795621792,19.1105187036585,1.38439870946151
194,36.0831972,140.0781399,158.769312071496,22.8411685610308,-5.59628858416844,0,0,0.047763616866332,-0.998446373421465,2,2,0,0,1,-1,158.715325824664,21.4957936726448,158.769312071496,22.8411685610308,19.5074952595313,1.34645761357226
195,36.083194,140.078186,162.784452327791,22.5733953672984,-5.66184261236229,0,0,0.040569841581503,-0.998719293818836,2,2,0,0,1,-1,162.862688096062,21.1395713018983,162.784452327791,22.5733953672984,20.0665982720212,1.43595692343382
196,36.083188,140.0782286,166.725185085316,21.8317905994469,-5.71089725449668,0,0,0.070988769190344,-0.997038871092308,2,2,0,0,1,-1,166.695174707679,20.471654357243,166.725185085316,21.8317905994469,20.4083162767166,1.36046728006311
197,36.0831812,140.0782715,170.658743762978,21.1037252349533,-5.76393866099109,0,0,-0.012319292291342,-0.999528985260247,2,2,0,0,1,-1,170.554650662585,19.7146818197034,170.658743762978,21.1037252349533,20.8587373165966,1.39293825527144
198,36.083181,140.0783179,174.741662137485,21.1392099543055,-5.85041627100837,0,0,0.089166662159601,-0.9955407486932,2,2,0,0,1,-1,174.729002277272,19.6924179212846,174.741662137485,21.1392099543055,21.3915862696568,1.44684742073013
199,36.0831802,140.0783633,178.828577990817,21.0526774523211,-5.94375973812813,0,0,-0.066710222421398,-0.99741026192875,2,2,0,0,1,-1,178.813389417737,19.6033623291912,178.828577990817,21.0526774523211,21.8536354394251,1.44939470776084
200,36.0831879,140.0784072,182.76871563687,21.9237914595172,-6.03402208452683,0,0,-0.156755795897638,-0.987428491398859,2,2,0,0,1,-1,182.762829844309,20.4605224080336,182.76871563687,21.9237914595172,22.3238652906891,1.46328088881927
201,36.0831885,140.0784547,186.769957849286,21.8865773481878,-6.15642475975901,0,0,-0.008221822714823,-0.999614957340859,2,2,0,0,1,-1,187.03614238013,20.5273141024992,186.769957849286,21.8865773481878,22.7178136754165,1.38508150501725
202,36.0831832,140.0784982,190.745313767593,21.2067111535174,-6.16497902752238,0,0,0.089654591349312,-0.995365518936926,2,2,0,0,1,-1,190.949597019059,19.9373208015188,190.745313767593,21.2067111535174,23.0579996178339,1.28572295327433
203,36.0831812,140.0785428,194.802219600586,21.002897540905,-6.24060752709696,0,0,0.032330609308724,-0.999022635455101,2,2,0,0,1,-1,194.962012579122,19.7146818197034,194.802219600586,21.002897540905,23.5243680718061,1.29808841776684
204,36.0831798,140.0785592,196.227312798148,20.9325972532239,-6.2573988726278,0,0,-0.071565431243219,-0.997157488044988,2,2,0,0,1,-1,196.437429962005,19.5588345323535,196.227312798148,20.9325972532239,23.776849860364,1.38973854944037
206,36.0831744,140.0785864,198.830634598854,20.361320158223,-6.26756474495948,0,0,0.053689384373892,-0.998201446167446,2,2,0,0,1,-1,198.884463667519,18.9577092821638,198.830634598854,20.361320158223,24.0692421755915,1.40464268055088
207,36.0831748,140.0786322,202.830193574312,20.4864340622056,-6.32511829531869,0,0,0.001973360988537,-0.999575311001785,2,2,0,0,1,-1,203.004836595627,19.0022370790015,202.830193574312,20.4864340622056,24.6203211552003,1.49443663962247
208,36.0831762,140.0786765,206.874547743455,20.7556607420278,-6.4297719557107,0,0,0.004779021234147,-0.999633259122228,2,2,0,0,1,-1,206.990262814957,19.1580843655604,206.874547743455,20.7556607420278,25.1830014044721,1.60176161035892
209,36.0831691,140.0787208,210.817073916085,20.006014538201,-6.45618076010635,0,0,0.042692199397415,-0.998655660819052,2,2,0,0,1,-1,210.97568903173,18.3677159811835,210.817073916085,20.006014538201,25.6671083380682,1.64595896572084
210,36.0831667,140.0787659,214.913747110254,19.8227199414949,-6.56112689948661,0,0,-0.037116308227231,-0.998808290364464,2,2,0,0,1,-1,215.033086831462,18.1005492033214,214.913747110254,19.8227199414949,26.2054543891487,1.7263006749923
211,36.0831612,140.0788109,218.960675927971,19.3149445046896,-6.58454058569558,0,0,0.028322765311899,-0.999186738928357,2,2,0,0,1,-1,219.081488181725,17.4882920039222,218.960675927971,19.3149445046896,26.7616866477743,1.83064331840392
212,36.0831611,140.0788562,222.971762641896,19.2760541060976,-6.64240742399878,0,0,-0.078109401757211,-0.996647565154657,2,2,0,0,1,-1,223.156878872722,17.4771600547128,222.971762641896,19.2760541060976,27.1962614066413,1.80839371460498
213,36.0831626,140.0789007,226.98944710937,19.4488368618878,-6.73051008350958,0,0,-0.029485352204496,-0.99910977998728,2,2,0,0,1,-1,227.160297985874,17.6441392912721,226.98944710937,19.4488368618878,27.6558630230543,1.8127667647516
214,36.083158,140.0789454,231.013394219599,19.0585945374843,-6.76184809204211,0,0,0.126903685522895,-0.991396436744242,2,2,0,0,1,-1,231.181709992848,17.1320696331758,231.013394219599,19.0585945374843,28.2276499363025,1.93386359561505
215,36.0831528,140.0789889,235.051395696389,18.3697308850452,-6.7778636140757,0,0,0.049209210702188,-0.998311156108248,2,2,0,0,1,-1,235.095164631777,16.5532082814049,235.051395696389,18.3697308850452,28.5532174121516,1.81704983124879
216,36.0831497,140.0790341,239.158357532175,18.1440990770175,-6.82260408550102,0,0,0.068732789409766,-0.996953515895584,2,2,0,0,1,-1,239.161558878419,16.2081178598678,239.158357532175,18.1440990770175,29.1296832351415,1.93598386402732
217,36.0831435,140.0790765,243.168457740349,17.5612948352707,-6.84822934788844,0,0,-0.003776607547957,-0.999702452902761,2,2,0,0,1,-1,242.976052593657,15.5179370167937,243.168457740349,17.5612948352707,29.6631101348491,2.05239638345147
218,36.0831434,140.0791237,247.249950865284,17.6234344925238,-6.88565345073365,0,0,0.045100415848224,-0.998507470962626,2,2,0,0,1,-1,247.222375788745,15.5068050675843,247.249950865284,17.6234344925238,30.2175708935,2.11680903894657
219,36.0831383,140.0791651,251.265930331752,17.1167249880949,-6.88743923181093,0,0,-0.030884973200986,-0.999018250619441,2,2,0,0,1,-1,250.94690502976,14.9390756650228,251.265930331752,17.1167249880949,30.6974218642896,2.2008938451426
220,36.0831334,140.0792108,255.058281513514,14.3936101600892,-6.92691982667347,0,0,0.014294497318655,-0.999347000095853,2,2,0,0,1,-1,255.058281513514,14.3936101600892,255.2460624394,16.7127702016343,31.3007633272103,2.32674987362754
221,36.0831294,140.0792542,258.962739702975,13.9483321964584,-6.97671488938491,0,0,0.006559753819051,-0.999438328165391,2,2,0,0,1,-1,258.962739702975,13.9483321964584,259.260277635936,16.4224822158849,31.8967953867224,2.49197655289502
222,36.083127,140.0792989,262.984151712506,13.6811654185963,-7.00435592396242,0,0,0.018742380693736,-0.999385843963328,2,2,0,0,1,-1,262.984151712506,13.6811654185963,263.362088039082,16.3254558014129,32.5225436286975,2.67116219941847
223,36.0831265,140.0793439,267.03255306277,13.6255056733402,-7.06133760674969,0,0,0.109290444879966,-0.993326059484209,2,2,0,0,1,-1,267.03255306277,13.6255056733402,267.425710115547,16.2222955517032,32.9339485613004,2.6263834717187
224,36.0831259,140.0793887,271.062961516655,13.5587139788747,-7.14276736142113,0,0,-0.011297831297419,-0.99941147287551,2,2,0,0,1,-1,271.062961516655,13.5587139788747,271.503973236026,16.3993851236298,33.6352619791011,2.874700660811
225,36.0831226,140.0794346,275.19233089423,13.1913596589188,-7.15706371503021,0,0,0.058361596713191,-0.997736952307697,2,2,0,0,1,-1,275.19233089423,13.1913596589188,275.510235940987,16.1328905438239,34.2003545688873,2.95865975833729
226,36.0831118,140.0794744,278.772916977,11.9891091585393,-7.14641603961507,0,0,0.032982305216316,-0.998896876726532,2,2,0,0,1,-1,278.772916977,11.9891091585393,279.417619969748,15.2641307170862,34.9431965748028,3.33787479660412
227,36.0830916,140.0795122,282.173574111324,9.7404554443393,-7.0474993089351,0,0,0.254702004534634,-0.966361075124829,2,2,0,0,1,-1,282.173574111324,9.7404554443393,282.780383461606,12.9129047401516,35.2193248440274,3.22996162857862
228,36.0830693,140.0795427,284.917490582796,7.25803079990543,-6.96277837490688,0,0,0.371770708329638,-0.927596844015799,2,2,0,0,1,-1,284.917490582796,7.25803079990543,285.938839294004,10.4306839733951,35.5477796061711,3.33299885225604
229,36.083035,140.0795626,286.70778362546,3.43977226537007,-6.8475339810585,0,0,0.660643214629602,-0.749396341104628,2,2,0,0,1,-1,286.70778362546,3.43977226537007,287.707048616489,6.79314395895273,35.9324718394009,3.49909020141214
230,36.0829975,140.0795668,287.085634416174,-0.734708639120784,-6.63514597148541,0,0,0.704375860250882,-0.70891915577672,2,2,0,0,1,-1,287.085634416174,-0.734708639120784,288.154874525716,2.72554093406146,36.0962142452764,3.62168490078324
231,36.0829612,140.0795664,287.04964862853,-4.77560615468058,-6.45563713708008,0,0,0.766553241405314,-0.641101826620808,2,2,0,0,1,-1,287.04964862853,-4.77560615468058,288.227400791647,-1.34639393142123,36.0868319029658,3.62582357953043
232,36.0829239,140.0795611,286.572836914125,-8.92782316154358,-6.28533525620208,0,0,0.606304099574494,-0.794442218053888,2,2,0,0,1,-1,286.572836914125,-8.92782316154358,288.025233403176,-5.43197917854151,36.1536795899176,3.78554893177979
233,36.0828882,140.0795551,286.03305006623,-12.9019289826379,-6.10790545944076,0,0,0.638394723665292,-0.769030334156805,2,2,0,0,1,-1,286.03305006623,-12.9019289826379,287.428777700283,-9.41292120486416,36.1094612905742,3.75782262777593
234,36.0828544,140.0795535,285.889106907985,-16.6645277719171,-5.90119123818689,0,0,0.571690172857174,-0.819678855064123,2,2,0,0,1,-1,285.889106907985,-16.6645277719171,287.539952172558,-13.4412486406382,35.9014379110588,3.62143872593506
235,36.0828179,140.0795539,285.925092698185,-20.7276891858957,-5.72843270251107,0,0,0.708071758360394,-0.705274579619478,2,2,0,0,1,-1,285.925092698185,-20.7276891858957,287.235253744749,-17.4450990455294,35.9563737940423,3.53439103631211
236,36.0827825,140.0795468,285.286344929156,-24.6683991593618,-5.54761787799953,0,0,0.680877910555338,-0.731515988342588,2,2,0,0,1,-1,285.286344929156,-24.6683991593618,286.563897682787,-21.4383699047532,35.8730563246729,3.47350399797326
237,36.0827464,140.0795424,284.890501239507,-28.6870327772937,-5.34382962230254,0,0,0.693472250252717,-0.719719606347487,2,2,0,0,1,-1,284.890501239507,-28.6870327772937,286.135571837097,-25.4687440331454,35.8634852008592,3.45073662189597
238,36.0827097,140.0795353,284.251753473035,-32.7724580896912,-5.16972454511687,0,0,0.622059886431689,-0.782173921875897,2,2,0,0,1,-1,284.251753473035,-32.7724580896912,285.719884872283,-29.5020587929925,35.9443765980379,3.58481817744008
239,36.0826735,140.0795313,283.891895573586,-36.8022236560415,-5.00655303869266,0,0,0.672446228149868,-0.73951093469333,2,2,0,0,1,-1,283.891895573586,-36.8022236560415,285.478850047393,-33.5025303918684,36.0239166971458,3.66147513163295
240,36.0826391,140.0795282,283.613005704006,-40.6316141389954,-4.84235862828768,0,0,0.710035408941683,-0.703264832598914,2,2,0,0,1,-1,283.613005704006,-40.6316141389954,285.051497142521,-37.5170146422735,35.8491609875987,3.43074155885624
241,36.0826018,140.0795251,283.334115831869,-44.7838311458583,-4.60214182722781,0,0,0.673602237685686,-0.73836618297895,2,2,0,0,1,-1,283.334115831869,-44.7838311458583,285.031766142123,-41.6133244314351,36.0134793068249,3.59640506646669
242,36.0825656,140.0795179,282.686371615929,-48.8135967129997,-4.43204803393311,0,0,0.644667231151508,-0.763761699978403,2,2,0,0,1,-1,282.686371615929,-48.8135967129997,284.424127689283,-45.6759762659105,36.0062037122692,3.58670576441254
243,36.082531,140.0795163,282.542428457683,-52.6652510943723,-4.2527566596005,0,0,0.763259785308959,-0.645138001710186,2,2,0,0,1,-1,282.542428457683,-52.6652510943723,284.226082629161,-49.678329510164,35.9192399284732,3.42875953069687
244,36.0824945,140.0795125,282.200563454613,-56.728412508351,-4.06836082652469,0,0,0.657857810902963,-0.752256583481419,2,2,0,0,1,-1,282.200563454613,-56.728412508351,283.792380928532,-53.6778242559954,36.0163229522267,3.44092597358387
245,36.0824605,140.0795111,282.07461319019,-60.5132751952581,-3.89720501307836,0,0,0.620952918144669,-0.783021038986675,2,2,0,0,1,-1,282.07461319019,-60.5132751952581,283.737792719238,-57.7402911523827,35.8528853089177,3.2335130505205
246,36.082424,140.0795097,281.948662925766,-64.5764366092367,-3.72427075050448,0,0,0.735044637605634,-0.677070210623703,2,2,0,0,1,-1,281.948662925766,-64.5764366092367,283.557106154623,-61.9426673422854,35.8001883400238,3.08607034462789
247,36.0823914,140.0795039,281.42686897425,-68.2054520087939,-3.52826611683901,0,0,0.73428264710494,-0.677715379434995,2,2,0,0,1,-1,281.42686897425,-68.2054520087939,282.940849171455,-65.9047561954604,35.5002497103406,2.75414909963493
248,36.0823589,140.0795029,281.336904500027,-71.8233354599327,-3.33609739339334,0,0,0.693017658815388,-0.720399493716682,2,2,0,0,1,1,281.336904500027,-71.8233354599327,282.73953577507,-69.4987059547182,35.5850437462776,2.71500954514794
249,36.0823556,140.0795043,281.46285476445,-72.1906897790976,-3.30714543530004,0,0,0.584471665688437,-0.810394874056694,2,2,0,0,1,-1,281.46285476445,-72.1906897790976,282.983826489225,-69.9201382079663,35.5967201377964,2.73290311294232
250,36.0823201,140.0795007,281.138982655202,-76.142531702564,-3.08933440671432,0,0,0.805087393128581,-0.592153146143399,2,2,0,0,1,-1,281.138982655202,-76.142531702564,282.397016108428,-73.9183982062384,35.5536523137219,2.55527258407277
251,36.0822917,140.0794759,278.907863690891,-79.3040052408626,-2.93599191875437,0,0,0.733575587116024,-0.678623681438361,2,2,0,0,1,-1,278.907863690891,-79.3040052408626,280.046651176605,-77.2231862475566,35.2359886172319,2.3720549362359
252,36.0822858,140.0794757,278.889870794513,-79.9607902363084,-2.90700890670056,0,0,0.683041379925097,-0.72951636965181,2,2,0,0,1,1,278.889870794513,-79.9607902363084,280.063657929927,-77.8449905740183,35.3000883963566,2.41958352825692
254,36.0822638,140.0794739,278.727934739888,-82.409819033905,-2.74886109147616,0,0,0.74116761025343,-0.670404954815006,2,2,0,0,1,-1,278.727934739888,-82.409819033905,279.83778899772,-81.2775020087162,34.4200581061251,1.58553408010014
255,36.0822406,140.0794691,278.296105262595,-84.9924312204327,-2.59305477152762,0,0,0.693986533466738,-0.7190755528673,2,2,0,0,1,1,278.296105262595,-84.9924312204327,279.747048935005,-84.6269620968355,33.8779151892981,1.49626375375813
257,36.0822266,140.0794585,277.342481833786,-86.5509040915586,-2.57446012899022,0,0,0.679561030690465,-0.733034854791318,2,2,0,0,1,-1,277.342481833786,-86.5509040915586,279.759657480342,-85.4004266547693,34.9357436327399,2.67700138940281
258,36.0821824,140.0794538,276.919648803403,-91.4712255843796,-2.30809069969085,0,0,0.521945301908528,-0.852047527278452,2,2,0,0,1,-1,276.919648803403,-91.4712255843796,279.220169174287,-89.4196990131021,35.863962048774,3.08239440200446
259,36.0821426,140.0794525,276.802694988447,-95.9017413183142,-2.09841619529231,0,0,0.759508189744312,-0.649629017801041,2,2,0,0,1,-1,276.802694988447,-95.9017413183142,279.225707243024,-93.4428991724219,36.4521364988675,3.45208532401013
260,36.0821034,140.0794477,276.370865511154,-100.265465356992,-1.87032764594421,0,0,0.723327309127786,-0.689497908555576,2,2,0,0,1,-1,276.370865511154,-100.265465356992,278.606349107224,-97.506109024072,36.7817585254669,3.55125812640046
261,36.0820655,140.0794446,276.091975639017,-104.484474058321,-1.65688969196671,0,0,0.710741127176471,-0.702482479909856,2,2,0,0,1,-1,276.091975639017,-104.484474058321,278.12493033962,-101.491199072437,37.055627900234,3.61836979257472
262,36.0820359,140.0794427,275.921043137482,-107.77953098555,-1.48672352306577,0,0,0.700324804811703,-0.712918539401516,2,2,0,0,1,1,275.921043137482,-107.77953098555,277.979088575776,-104.307578995666,37.6208759757141,4.03608741805027
264,36.0820352,140.0794429,275.939036033861,-107.857454629225,-1.50952841890262,0,0,0.189494375528361,-0.981455906290598,2,2,0,0,1,-1,275.939036033861,-107.857454629225,278.109135240754,-104.295841821169,37.7550239999861,4.17066138187525
265,36.0820291,140.0794825,279.501629220252,-108.53650352309,-1.4719850937745,0,0,-0.006616291164042,-0.999277307205628,2,2,0,0,1,1,279.501629220252,-108.53650352309,281.592256179761,-104.944368095552,38.1524015824301,4.1562191970105
267,36.0820282,140.0794881,280.005430277946,-108.636691065184,-1.46364236834176,0,0,-0.001952673849017,-0.999527541902738,2,2,0,0,1,-1,280.005430277946,-108.636691065184,282.090655476201,-104.947480081278,38.2953421528715,4.23774017740647
268,36.0820196,140.0795321,283.963867153987,-109.59403868612,-1.35283696385331,0,0,-0.030884475132082,-0.998904824678529,2,2,0,0,1,-1,283.963867153987,-109.59403868612,286.13581062742,-105.761065212896,38.919643741975,4.40556739798953
269,36.0820128,140.07958,288.273165480009,-110.351011222869,-1.31713615403282,0,0,0.013155569115894,-0.999529467095339,2,2,0,0,1,-1,288.273165480009,-110.351011222869,290.170925613164,-106.384860358308,39.4128595402323,4.39679954096668
270,36.0820116,140.0796241,292.24059880296,-110.4845946118,-1.34955880036819,0,0,-0.047537724610481,-0.998449089510271,2,2,0,0,1,-1,292.24059880296,-110.4845946118,294.231538774407,-106.440847594184,39.9474487981164,4.50729762855546
271,36.0820048,140.0796693,296.306993049602,-111.241567149339,-1.32281821439555,0,0,0.059702064961348,-0.997263981792234,2,2,0,0,1,-1,296.306993049602,-111.241567149339,298.18650965032,-107.094940844435,40.457718035195,4.55270165559935
272,36.0819948,140.0797134,300.274426372554,-112.354762057625,-1.23099583858541,0,0,0.170318708591322,-0.984481522347929,2,2,0,0,1,-1,300.274426372554,-112.354762057625,302.03227774949,-108.235850299523,40.8490538766163,4.47833401327164
273,36.0819805,140.0797554,304.052934297591,-113.946630775588,-1.08871921247784,0,0,0.096924720400577,-0.994581631732848,2,2,0,0,1,-1,304.052934297591,-113.946630775588,305.765542550675,-109.706121170825,41.4070096979463,4.57328642626087
274,36.0819751,140.079779,306.176095896414,-114.547756025778,-1.07354500501474,0,0,0.102599255858006,-0.994010768181014,2,2,0,0,1,1,306.176095896414,-114.547756025778,307.822817140484,-110.362019396259,41.5800274751828,4.4980086691082
276,36.0819729,140.0797837,306.598928926796,-114.792658906012,-1.05838184441451,0,0,0.582630491360909,-0.811804162844624,2,2,0,0,1,-1,306.598928926796,-114.792658906012,308.161135074947,-110.631816866357,41.5781405362867,4.44444535665434
277,36.0819441,140.0797578,304.268849036238,-117.998660240358,-0.884321511163402,0,0,0.838247529002108,-0.543793227151378,2,2,0,0,1,-1,304.268849036238,-117.998660240358,305.660569289684,-113.854248983249,41.373616615901,4.37184514043026
278,36.0819092,140.0797416,302.811424552291,-121.883710469359,-0.624009852233242,0,0,0.745847941724852,-0.664817196227651,2,2,0,0,1,-1,302.811424552291,-121.883710469359,304.127934205374,-117.596974083986,41.4749637984249,4.4843401414634
279,36.0818759,140.079726,301.407978749809,-125.590649512591,-0.43048249503202,0,0,0.745407083749224,-0.665210820034247,2,2,0,0,1,-1,301.407978749809,-125.590649512591,302.730397000622,-121.373526116889,41.4192490677719,4.41960629068474
280,36.0818387,140.0797191,300.787223877159,-129.731734570244,-0.175552959215116,0,0,0.761456051470466,-0.647093024407673,2,2,0,0,1,-1,300.787223877159,-129.731734570244,302.142868322185,-125.396919735764,41.6507587414108,4.54184890882104
281,36.0818039,140.0797126,300.202454792153,-133.605652850036,0.038958488903647,0,0,0.68027378938518,-0.732011937790495,2,2,0,0,1,-1,300.202454792153,-133.605652850036,301.541393911804,-129.423855339628,41.6139396730403,4.39092113162908
282,36.0817673,140.0797037,299.401770968499,-137.679946213224,0.274802856122897,0,0,0.73666520488946,-0.675243298464427,2,2,0,0,1,-1,299.401770968499,-137.679946213224,300.651973220182,-133.409492022289,41.7525596418474,4.44969489594347
283,36.0817311,140.0796993,299.005927281407,-141.709711779574,0.505178816079526,0,0,0.730480083390075,-0.681836004958258,2,2,0,0,1,-1,299.005927281407,-141.709711779574,300.260656961844,-137.42938273491,41.9065288603083,4.46044429418908
284,36.0816949,140.0796947,298.592090700492,-145.739477346716,0.77630156164333,0,0,0.802831802645399,-0.59453638790124,2,2,0,0,1,-1,298.592090700492,-145.739477346716,299.758746567927,-141.428617783152,42.0381749117708,4.46593731368757
285,36.0816604,140.0796847,297.692445955705,-149.579999778879,0.994678489345935,0,0,0.813250831644656,-0.580527681383443,2,2,0,0,1,-1,297.692445955705,-149.579999778879,298.745693626732,-145.336348128354,42.0155220864958,4.37240322791973
286,36.0816251,140.0796677,296.1630498888,-153.509577803926,1.24841693982238,0,0,0.957298873203853,-0.286303853967642,2,2,0,0,1,-1,296.1630498888,-153.509577803926,297.149601655852,-149.016269485356,42.2362729091207,4.60033738271498
287,36.081597,140.0796391,293.590065918862,-156.637655495388,1.45147323151536,0,0,0.721541464171137,-0.69094652138217,2,2,0,0,1,-1,293.590065918862,-156.637655495388,294.495309725277,-152.050521622079,42.1696931128903,4.6756030114531
288,36.0815601,140.0796356,293.275190259082,-160.745344705413,1.70336983649987,0,0,0.77947303430842,-0.625205749244174,2,2,0,0,1,-1,293.275190259082,-160.745344705413,294.177315786252,-156.083642372422,42.4064902195321,4.74818903458832
289,36.0815403,140.0796303,292.798378544677,-162.949470622775,1.82455302685758,0,0,0.653942164101698,-0.754968657499022,2,2,0,0,1,1,292.798378544677,-162.949470622775,293.876828338804,-158.27231659709,42.5718692797711,4.79987747119011
291,36.0815249,140.079632,292.95131815239,-164.663790781251,1.94475246730076,0,0,0.651103489552265,-0.758008734456069,2,2,0,0,1,-1,292.95131815239,-164.663790781251,294.031644458383,-160.103464526553,42.5760676125245,4.68654248638679
292,36.0814888,140.0796282,292.60945314932,-168.682424399183,2.18506611700334,0,0,0.594954171739446,-0.802653413652274,2,2,0,0,1,-1,292.60945314932,-168.682424399183,293.614797428834,-164.098611414789,42.7339647010729,4.69276662495061
293,36.0814503,140.0796273,292.528485122008,-172.968224794186,2.42112319339185,0,0,0.754715434229769,-0.654520518697388,2,2,0,0,1,-1,292.528485122008,-172.968224794186,293.529764250991,-168.12317144221,43.1749269365124,4.9474338679391
294,36.0814161,140.0796216,292.015687617402,-176.775351379512,2.66482221279529,0,0,0.70916198905654,-0.703525390541437,2,2,0,0,1,-1,292.015687617402,-176.775351379512,293.044579740194,-172.207999771723,43.1082756570785,4.68180731230086
295,36.0813803,140.0796182,291.709808404533,-180.760589149816,2.91497690000111,0,0,0.755631226646566,-0.65386513838631,2,2,0,0,1,-1,291.709808404533,-180.760589149816,292.832274358096,-176.220509854167,43.325906679198,4.67677771843906
296,36.0813434,140.0796092,290.900128133969,-184.868278359841,3.14837593985217,0,0,0.669936793361924,-0.741066867612497,2,2,0,0,1,-1,290.900128133969,-184.868278359841,292.0375962274,-180.272628617309,43.5328343121455,4.7343246846416
297,36.081307,140.0796071,290.711202738612,-188.920307825401,3.40636606325204,0,0,0.727398090102084,-0.684970890459632,2,2,0,0,1,-1,290.711202738612,-188.920307825401,291.924883582758,-184.402698093681,43.7247767015744,4.6778006455578
298,36.0812713,140.0795999,290.063458522672,-192.894413646496,3.66322826737736,0,0,0.690175168226416,-0.722386160361634,2,2,0,0,1,-1,290.063458522672,-192.894413646496,291.214061642179,-188.347118850285,43.8832120839303,4.69060523837457
299,36.0812351,140.0795992,290.000483389182,-196.924179212846,3.90034458636443,0,0,0.701529433858547,-0.711416772394477,2,2,0,0,1,-1,290.000483389182,-196.924179212846,291.0638724887,-192.36206897786,44.0782612894146,4.68440456975499
300,36.0811994,140.0795908,289.244781805197,-200.898285034731,4.13788037477532,0,0,0.742163954042456,-0.66874304725276,2,2,0,0,1,-1,289.244781805197,-200.898285034731,290.368416937653,-196.385609150986,44.2388625004447,4.65046229343117
301,36.0811627,140.0795863,288.839941668636,-204.983710346338,4.39483067331219,0,0,0.736028166095812,-0.675398787641268,2,2,0,0,1,-1,288.839941668636,-204.983710346338,289.909368039266,-200.411638818809,44.4659419369734,4.69547769827945
302,36.0811288,140.0795825,288.498076665566,-208.757441084035,4.64155809434037,0,0,0.696230095537063,-0.716588016760668,2,2,0,0,1,-1,288.498076665566,-208.757441084035,289.427642287688,-204.398734494706,44.4119189654166,4.45672698038569
303,36.0810918,140.0795849,288.713991404213,-212.876262244061,4.90252104539596,0,0,0.704806877292242,-0.707966026421456,2,2,0,0,1,-1,288.713991404213,-212.876262244061,289.535509103008,-208.41153698648,44.710201299918,4.53967652538306
304,36.0810563,140.0795793,288.210190349075,-216.828104166736,5.14995183826331,0,0,0.780603414989229,-0.623657514457225,2,2,0,0,1,-1,288.210190349075,-216.828104166736,288.931072602066,-212.436991463724,44.7926940619321,4.44989235748858
305,36.0810183,140.0795738,287.715385738292,-221.058244817274,5.39073522187342,0,0,0.682152208641333,-0.729597838258595,2,2,0,0,1,-1,287.715385738292,-221.058244817274,288.480963316953,-216.484449868676,45.1885589533472,4.63742485230499
306,36.080981,140.0795716,287.517463893467,-225.210461823346,5.62695368907267,0,0,0.733093660706682,-0.678898418854755,2,2,0,0,1,-1,287.517463893467,-225.210461823346,288.205505545861,-220.504377219671,45.4946349518399,4.75611539098658
307,36.0809439,140.0795659,287.004666391418,-229.340414931791,5.89957942116596,0,0,0.720497841814493,-0.692321446481497,2,2,0,0,1,-1,287.004666391418,-229.340414931791,287.64781440843,-224.550826327959,45.7535779997995,4.83257678322223
308,36.0809076,140.0795599,286.464879543523,-233.381312448141,6.12946547712678,0,0,0.765349523926354,-0.642284912973795,2,2,0,0,1,-1,286.464879543523,-233.381312448141,286.993836976281,-228.585224808694,45.9030742616861,4.82516866139684
309,36.0808735,140.0795507,285.637206379138,-237.177307084258,6.38634571718687,0,0,0.648945381959701,-0.759657083165554,2,2,0,0,1,-1,285.637206379138,-237.177307084258,286.091269292636,-232.533790776398,45.9138656076788,4.665663600258
310,36.0808367,140.0795439,285.025447953398,-241.273864345074,6.61158696595744,0,0,0.730947897017443,-0.681198522385487,2,2,0,0,1,-1,285.025447953398,-241.273864345074,285.543703388016,-236.541455107806,46.2433480923565,4.76070224698902
311,36.0808003,140.0795362,284.332721500347,-245.325893809843,6.87953462063637,0,0,0.746702886285551,-0.663771539664256,2,2,0,0,1,-1,284.332721500347,-245.325893809843,284.841591364343,-240.58537724979,46.4568198923048,4.76775060113431
312,36.0807648,140.0795327,284.017845838009,-249.277735733309,7.10770176552602,0,0,0.772235043624792,-0.634074099954568,2,2,0,0,1,-1,284.017845838009,-249.277735733309,284.442118195382,-244.642506397518,46.5658005714473,4.65460610885709
313,36.0807281,140.0795327,284.017845838009,-253.363161044916,7.39354618101858,0,0,0.726061417751821,-0.68630740112683,2,2,0,0,1,-1,284.017845838009,-253.363161044916,284.376948665016,-248.699517349911,46.828630909161,4.67744880830637
314,36.080693,140.0795294,283.720963072051,-257.270475172336,7.66204919324612,0,0,0.823880792918956,-0.565176025073113,2,2,0,0,1,-1,283.720963072051,-257.270475172336,283.867297371674,-252.786532279106,46.8008025472951,4.48633008114525
315,36.080656,140.0795249,283.316122938047,-261.38929633157,7.89799221850033,0,0,0.659062096891157,-0.750847172877005,2,2,0,0,1,-1,283.316122938047,-261.38929633157,283.460643807736,-256.800310113883,47.1335045188602,4.5912613504241
316,36.0806225,140.0795192,282.803325433442,-265.118499273221,8.14362505067813,0,0,0.736320721205434,-0.675320482072268,2,2,0,0,1,-1,282.803325433442,-265.118499273221,282.864079442424,-260.768372009395,47.1221102154828,4.35055148930489
317,36.080597,140.0795222,283.073218856111,-267.957146288402,8.32081995087802,0,0,0.409606602504359,-0.911196992826377,2,2,0,0,1,1,283.073218856111,-267.957146288402,283.229227400912,-263.341835653732,47.609834973648,4.61794661300339
319,36.080586,140.0795185,282.740350302508,-269.1816606872,8.39848348810261,0,0,0.780691533572011,-0.623502055325721,2,2,0,0,1,-1,282.740350302508,-269.1816606872,282.988343804649,-264.768067289699,47.5846401229781,4.4205551071745
320,36.0805488,140.0795099,281.966655822145,-273.322745744854,8.67970168281683,0,0,0.670132634437634,-0.740758148507102,2,2,0,0,1,-1,281.966655822145,-273.322745744854,282.132216796727,-268.703710875909,47.9127010602663,4.62200103384148
321,36.0805115,140.0795081,281.804719767521,-277.474962750926,8.92281103079354,0,0,0.645745286241293,-0.762331380090695,2,2,0,0,1,-1,281.804719767521,-277.474962750926,281.98250116992,-272.743986428341,48.2932058129683,4.73431549348913
322,36.0804746,140.0795028,281.327908053116,-281.582651961742,9.16705234705041,0,0,0.744551045035738,-0.666301825835736,2,2,0,0,1,-1,281.327908053116,-281.582651961742,281.335161894881,-276.707493147661,48.5413275415518,4.87516421064262
323,36.0804423,140.0794883,280.023423171768,-285.178271513671,9.42479494341306,0,0,0.722893095491269,-0.689688175979059,2,2,0,0,1,-1,280.023423171768,-285.178271513671,279.933618053601,-280.499849287145,48.4886981288911,4.67928407867067
324,36.0804052,140.0794872,279.924462250634,-289.308224622115,9.60883982125653,0,0,0.710185128822798,-0.702785614742617,2,2,0,0,1,-1,279.924462250634,-289.308224622115,279.744690347708,-284.51061694444,48.8117309470267,4.80097462667434
325,36.0803699,140.0794813,279.393671852207,-293.237802647163,9.91399536562461,0,0,0.746102304333404,-0.664506071803189,2,2,0,0,1,-1,279.393671852207,-293.237802647163,279.086241467472,-288.574609574933,48.8784076927127,4.67331606788459
326,36.0803341,140.0794855,279.771522645478,-297.223040417466,10.1394053200243,0,0,0.743466426418394,-0.667329316013225,2,2,0,0,1,-1,279.771522645478,-297.223040417466,279.326025129239,-292.688264706296,49.0251499332025,4.55660606017193
327,36.0802971,140.0794832,279.564604353742,-301.341861577492,10.3826181057655,0,0,0.706264403453487,-0.706641304892817,2,2,0,0,1,-1,279.564604353742,-301.341861577492,278.908582713549,-296.738814374058,49.2201527761822,4.64955997374378
328,36.0802621,140.0794812,279.384675405296,-305.238043754911,10.621175323614,0,0,0.646188172525475,-0.762051981620939,2,2,0,0,1,-1,279.384675405296,-305.238043754911,278.629055146834,-300.794160146816,49.3229844015973,4.50766719016597
329,36.0802256,140.0794748,278.8089027672,-309.30120516889,10.8867865692495,0,0,0.669655403537787,-0.741262503789542,2,2,0,0,1,-1,278.8089027672,-309.30120516889,277.967802050248,-304.791564884619,49.5739296921834,4.58740731890934
330,36.0801882,140.0794677,278.170154998172,-313.464554124962,11.1150599737115,0,0,0.772184019765961,-0.634014501720212,2,2,0,0,1,-1,278.170154998172,-313.464554124962,277.084138053392,-308.715329816625,49.8320835065296,4.87181324921784
331,36.0801531,140.0794638,277.81929354819,-317.371868251591,11.3517325731225,0,0,0.687802887454516,-0.724651569699557,2,2,0,0,1,-1,277.81929354819,-317.371868251591,276.565992601563,-312.763903245865,49.8899550204216,4.77536435854042
332,36.0801175,140.0794616,277.621371705923,-321.334842123476,11.612584635403,0,0,0.645483957181686,-0.762628596690723,2,2,0,0,1,-1,277.621371705923,-321.334842123476,276.195459861973,-316.748426386439,50.0441988345359,4.80296095129395
333,36.0800817,140.0794567,277.180545779161,-325.32007989378,11.8615561335179,0,0,0.682281338650546,-0.729742437178811,2,2,0,0,1,-1,277.180545779161,-325.32007989378,275.623081091146,-320.723616256283,50.2332332817883,4.85316126099723
334,36.0800478,140.0794552,277.045599067827,-329.093810632268,12.1223186789692,0,0,0.756806206898626,-0.652116369707539,2,2,0,0,1,-1,277.045599067827,-329.093810632268,275.291324426417,-324.759592148883,50.2005439946193,4.67578115176683
335,36.0800095,140.07945,276.577783800333,-333.357347129644,12.3342090149384,0,0,0.720223038749093,-0.692580984743761,2,2,0,0,1,-1,276.577783800333,-333.357347129644,274.72873120526,-328.778124625115,50.5970271979584,4.93844856663785
336,36.0799734,140.0794453,276.154950772508,-337.375980746785,12.5972907517067,0,0,0.67499482350467,-0.73641961702048,2,2,0,0,1,-1,276.154950772508,-337.375980746785,274.084442222401,-332.857072640834,50.6802584523795,4.97066757348488
337,36.0799386,140.07944,275.678139058103,-341.249899026576,12.8739426310813,0,0,0.669270283396761,-0.741548192647811,2,2,0,0,1,-1,275.678139058103,-341.249899026576,273.438004302644,-336.805796451257,50.7781640113385,4.9767711844699
338,36.07991,140.0794574,277.243520912652,-344.433636463293,13.0456005522136,0,0,0.208897082544793,-0.977139234804211,2,2,0,0,1,-1,277.243520912652,-344.433636463293,274.907621640956,-339.748630398235,51.2471891397658,5.23504605874124
339,36.0798928,140.0794973,280.833103442332,-346.348331705166,13.1849418474728,0,0,0.351444906352384,-0.935375235778522,2,2,0,0,1,-1,280.833103442332,-346.348331705166,278.375133052709,-341.78284210648,51.5173888715393,5.18510498562686
340,36.0798739,140.0795372,284.42268597457,-348.452270081225,13.2750829813153,0,0,0.251281906506535,-0.967184993952983,2,2,0,0,1,1,284.42268597457,-348.452270081225,281.821688581096,-343.744771903344,51.9616296058155,5.37826426792232
342,36.0798732,140.0795367,284.377703737458,-348.530193724109,13.2808589168001,0,0,0.24583911958349,-0.968540793628794,2,2,0,0,1,-1,284.377703737458,-348.530193724109,281.861933112426,-343.761161886995,52.0687916308731,5.39191677431952
343,36.0798738,140.0795784,288.129222321763,-348.463402029644,13.2243640739819,0,0,-0.071387498230539,-0.996980627001049,2,2,0,0,1,-1,288.129222321763,-348.463402029644,285.866820294206,-343.639064009597,52.5908286788745,5.32848010843289
344,36.079881,140.079619,291.781779982377,-347.661901696057,13.1711857638411,0,0,-0.185167131248978,-0.982421067734401,2,2,0,0,1,-1,291.781779982377,-347.661901696057,289.83532917028,-342.980571266895,52.9602463147164,5.06986443121662
345,36.0798968,140.0796625,295.695234621306,-345.903053741535,13.0550705624764,0,0,-0.170806183750113,-0.984868580803474,2,2,0,0,1,-1,295.695234621306,-345.903053741535,293.730338526751,-341.589200581925,52.8761055436697,4.74026853090372
346,36.079909,140.0797036,299.392774521589,-344.544955953806,12.9525928612697,0,0,-0.186993081758078,-0.981869890645465,2,2,0,0,1,-1,299.392774521589,-344.544955953806,297.668021940099,-340.469532792841,53.0848452499199,4.42536387298059
347,36.0799217,140.0797477,303.36020784454,-343.13119842082,12.86864462562,0,0,-0.192683211696901,-0.980812447340961,2,2,0,0,1,-1,303.36020784454,-343.13119842082,301.673907151351,-339.273236515181,53.1767375399284,4.21040141711097
348,36.0799359,140.0797885,307.03075840409,-341.550461652066,12.7781517300965,0,0,-0.207576732956469,-0.977749881987399,2,2,0,0,1,-1,307.03075840409,-341.550461652066,305.52743253293,-337.985705367081,53.2869320120366,3.86878224332211
349,36.0799538,140.0798306,310.818262776038,-339.557842766519,12.6762801117969,0,0,-0.287273952312714,-0.957458907114719,2,2,0,0,1,-1,310.818262776038,-339.557842766519,309.20809656621,-336.343117715154,53.1234513672197,3.59542659209539
350,36.0799679,140.0798688,314.254905700562,-337.988237946184,12.5664499498669,0,0,-0.303207541282218,-0.9525978036345,2,2,0,0,1,-1,314.254905700562,-337.988237946184,313.056832048973,-334.956603736418,53.4584757362094,3.25978319163355
351,36.0799879,140.0799087,317.8444882328,-335.761848130403,12.4499412635406,0,0,-0.25703745215933,-0.965941004936455,2,2,0,0,1,-1,317.8444882328,-335.761848130403,316.694402435591,-333.164366413302,53.3170932104302,2.84070565381445
352,36.0800052,140.0799509,321.640989054216,-333.836020940112,12.3264981863127,0,0,-0.266749266053927,-0.963385481390429,2,2,0,0,1,-1,321.640989054216,-333.836020940112,320.343764556859,-331.416362397553,53.2507772919603,2.74545785965145
353,36.0800229,140.0799897,325.131610662763,-331.865665952983,12.2242786815083,0,0,-0.279635221052198,-0.95974021372396,2,2,0,0,1,-1,325.131610662763,-331.865665952983,323.922194180385,-329.583221250937,53.3563328188979,2.58306833934914
354,36.0800395,140.0800283,328.604239374931,-330.017762405576,12.1050725767209,0,0,-0.289670508387871,-0.956705982521454,2,2,0,0,1,-1,328.604239374931,-330.017762405576,327.506791137844,-327.686670807227,53.6180969498226,2.57650551580564
355,36.0800576,140.0800652,331.923928484499,-328.002879622401,11.9671401747794,0,0,-0.310026805476296,-0.950341490959082,2,2,0,0,1,1,331.923928484499,-328.002879622401,330.648389446503,-325.833270779064,53.5029667149353,2.516784132686
357,36.0800586,140.080071,332.445722436016,-327.891560131098,11.9767424826657,0,0,0.13510696633659,-0.990173658290418,2,2,0,0,1,-1,332.445722436016,-327.891560131098,331.097939258861,-325.880000081434,53.3759386467968,2.42134122461579
358,36.0800334,140.0801075,335.729425752826,-330.696811299441,12.1094060058696,0,0,0.319110232860006,-0.946922763472264,2,2,0,0,1,-1,335.729425752826,-330.696811299441,334.167579949511,-328.468134399222,53.8672975608944,2.72146340025027
359,36.0800117,140.0801446,339.06710775366,-333.112444249409,12.2134564590325,0,0,0.253231464295373,-0.966693600522569,2,2,0,0,1,-1,339.06710775366,-333.112444249409,337.460245255124,-330.911639644376,54.2808140853773,2.72498587129093
360,36.0799943,140.0801871,342.890597918366,-335.049403389701,12.2922963517388,0,0,0.108029041658404,-0.993461217746623,2,2,0,0,1,-1,342.890597918366,-335.049403389701,341.058295257045,-332.804580815023,54.6240069123468,2.89768207960547
361,36.0799839,140.080232,346.930002821718,-336.207126094033,12.3097622475595,0,0,0.113346628321846,-0.992906103808156,2,2,0,0,1,-1,346.930002821718,-336.207126094033,345.030754848742,-334.062242831442,54.9370663007723,2.86490262888658
362,36.0799748,140.0802746,350.762489433335,-337.220133460226,12.3263772431914,0,0,0.089803745676111,-0.995255241277846,2,2,0,0,1,-1,350.762489433335,-337.220133460226,348.919198454421,-335.22767797593,55.2703778248595,2.71433242066036
363,36.0799668,140.0803171,354.585979598041,-338.110689385905,12.3351298036588,0,0,0.059518057712127,-0.997613763227543,2,2,0,0,1,-1,354.585979598041,-338.110689385905,352.904905811887,-336.036703490435,55.8356630940116,2.66972406235308
364,36.0799601,140.0803634,358.751334763261,-338.856529974236,12.3324302489422,0,0,0.034868305031892,-0.998742038204486,2,2,0,0,1,-1,358.751334763261,-338.856529974236,356.952296178625,-336.728293864357,56.2061636171049,2.78674160416727
365,36.0799582,140.0804079,362.754753876413,-339.068037006842,12.302043429232,0,0,-0.121174660696201,-0.992130654014952,2,2,0,0,1,-1,362.754753876413,-339.068037006842,361.039551279064,-336.991473059504,56.5879445011834,2.69333209562767
366,36.0799589,140.0804554,367.028066414791,-338.990113363167,12.265026359897,0,0,-0.029038879949256,-0.999061477666501,2,2,0,0,1,-1,367.028066414791,-338.990113363167,365.099154535573,-337.178324913588,56.6133333809026,2.64637080240336
367,36.0799597,140.0805002,371.058474868676,-338.901057771073,12.2405685569056,0,0,-0.035528132799404,-0.998806358730336,2,2,0,0,1,-1,371.058474868676,-338.901057771073,369.204548118249,-337.242481954011,56.8969380232391,2.48755264002427
368,36.0799615,140.0805479,375.349780300875,-338.700682687677,12.2198995142231,0,0,-0.050389885819946,-0.998076299223845,2,2,0,0,1,-1,375.349780300875,-338.700682687677,373.296890575904,-337.209539540162,56.9987036838138,2.53729464376379
369,36.0799634,140.0805933,379.434167441339,-338.489175655071,12.1947854731249,0,0,-0.062271951751768,-0.997418983016881,2,2,0,0,1,-1,379.434167441339,-338.489175655071,377.356033968881,-337.102184687985,57.2477539802874,2.49847606995333
370,36.0799667,140.0806379,383.446583001402,-338.121821335115,12.1677812165213,0,0,-0.106278951316724,-0.993798520292557,2,2,0,0,1,-1,383.446583001402,-338.121821335115,381.414356732546,-336.868654592685,57.5064544632544,2.38754486704767
371,36.0799734,140.0806818,387.396023430532,-337.375980746785,12.0949389489398,0,0,-0.125985219639523,-0.991364591809449,2,2,0,0,1,-1,387.396023430532,-337.375980746785,385.438323294963,-336.307942430538,57.7144690027996,2.23008871253567
372,36.0799817,140.0807276,391.51639635864,-336.452028973477,12.0269981610257,0,0,-0.133990813434647,-0.990368348838045,2,2,0,0,1,-1,391.51639635864,-336.452028973477,389.472511954253,-335.600385547153,57.7948015726059,2.21421769121636
373,36.0799903,140.0807708,395.402861654279,-335.49468135254,11.9408871358705,0,0,-0.152896122837133,-0.987672036193842,2,2,0,0,1,-1,395.402861654279,-335.49468135254,393.483467316865,-334.768603130964,58.0613432953045,2.05213649798153
374,36.0799997,140.0808141,399.298323399386,-334.44827813872,11.879919072886,0,0,-0.150865463120698,-0.987858413151978,2,2,0,0,1,-1,399.298323399386,-334.44827813872,397.395543189194,-333.883796563487,58.2245546213993,1.98474481409551
375,36.0800106,140.0808599,403.418696330051,-333.234895689131,11.7921755519645,0,0,-0.15414154414554,-0.987312535327152,2,2,0,0,1,-1,403.418696330051,-333.234895689131,401.344596279601,-332.908229849923,58.2162478151112,2.09966701878699
376,36.080017,140.0808861,405.775765558785,-332.522450948429,11.7621904195701,0,0,-0.245359123265153,-0.968821672415318,2,2,0,0,1,1,405.775765558785,-332.522450948429,403.637807253279,-332.238162652592,58.3044484978329,2.15677665770821
378,36.0800169,140.0808909,406.207595036079,-332.533582897638,11.7902370695104,0,0,0.366669424184158,-0.928993889337878,2,2,0,0,1,-1,406.207595036079,-332.533582897638,404.074056022959,-332.419090166764,58.2185477210791,2.13660883315795
379,36.0799891,140.0809215,408.960507954462,-335.628264741471,12.0225811090221,0,0,0.400552565538752,-0.915331738628228,2,2,0,0,1,-1,408.960507954462,-335.628264741471,406.596345070227,-335.723977735667,58.3704294533853,2.36609955844135
380,36.0799669,140.0809587,412.307186404764,-338.099557437487,12.1852855865072,0,0,0.347923074561793,-0.936666606242535,2,2,0,0,1,-1,412.307186404764,-338.099557437487,409.77703360741,-338.286046470553,58.6649261565828,2.53701622726603
381,36.0799504,140.0809991,415.941751171556,-339.936329034893,12.3575340323159,0,0,0.258825053816052,-0.965004462694637,2,2,0,0,1,-1,415.941751171556,-339.936329034893,413.279831415679,-340.26092228445,58.9280723336204,2.68163710527403
382,36.0799348,140.0810434,419.927177390886,-341.672913091788,12.5502572034188,0,0,0.186122715432067,-0.981670058295793,2,2,0,0,1,-1,419.927177390886,-341.672913091788,416.96837059832,-342.288791960108,58.9922624069003,3.0222250770214
383,36.0799138,140.0810769,422.940987285028,-344.010622398081,12.7607554697354,0,0,0.186980272563172,-0.981324324827646,2,2,0,0,1,-1,422.940987285028,-344.010622398081,420.049892118796,-344.957412132925,59.2186835744917,3.04217719112689
384,36.0798972,140.0811145,426.323651522973,-345.858525945488,12.9836154773884,0,0,0.159210454098382,-0.986437639959623,2,2,0,0,1,-1,426.323651522973,-345.858525945488,423.156677043351,-347.56348494508,58.8973873525214,3.59675027557742
385,36.0798836,140.0811525,429.742301553675,-347.372471020568,13.1817235772026,0,0,0.321960306747451,-0.945830252432747,2,2,0,0,1,-1,429.742301553675,-347.372471020568,426.336803204964,-350.098288705713,58.384501019712,4.36205239030092
386,36.0798701,140.081192,433.295898293155,-348.875284145646,13.3856867428178,0,0,0.218049321962269,-0.974914699517785,2,2,0,0,1,-1,433.295898293155,-348.875284145646,429.673362297956,-352.423067054689,58.0479275420226,5.07045664671409
387,36.0798504,140.0812267,436.417665557899,-351.06827811459,13.5907962391053,0,0,0.25575847122411,-0.96584444196354,2,2,0,0,1,-1,436.417665557899,-351.06827811459,432.935269744211,-355.062834285686,58.2414039773666,5.29939238094614
388,36.0798237,140.0812649,439.854308482423,-354.040508518702,13.8041619711239,0,0,0.276973388148074,-0.959841353936729,2,2,0,0,1,-1,439.854308482423,-354.040508518702,436.423068918134,-357.086084312452,59.497233047803,4.58791203741109
389,36.0798105,140.0812774,440.978864412768,-355.509925796943,13.8860376492708,0,0,0.391053969074355,-0.919420617495379,2,2,0,0,1,1,440.978864412768,-355.509925796943,437.404197945174,-358.192940174819,59.8773633046866,4.46954209135945
392,36.0797849,140.081291,442.202381264246,-358.359704761333,14.0561202670572,0,0,0.558601034147085,-0.82821844952397,2,2,0,0,1,-1,442.202381264246,-358.359704761333,438.622056587585,-360.531219729856,60.5666681064082,4.18738606398144
393,36.0797526,140.0813207,444.874326155318,-361.955324314053,14.3198892937037,0,0,0.491927492600819,-0.869360339609538,2,2,0,0,1,-1,444.874326155318,-361.955324314053,440.955740761618,-363.841963188672,61.049117390055,4.34910539432457
394,36.0797227,140.0813471,447.249388280431,-365.283777088911,14.6145681931161,0,0,0.328179539006639,-0.943223337833385,2,2,0,0,1,-1,447.249388280431,-365.283777088911,443.41084578945,-367.043858254343,61.6411830823744,4.22283011308458
395,36.0796914,140.081374,449.669432642655,-368.768077150328,14.8678606762289,0,0,0.368896903676565,-0.92833552976308,2,2,0,0,1,-1,449.669432642655,-368.768077150328,445.687880424002,-370.385149888706,62.1144166567471,4.29740413634454
396,36.0796724,140.0813862,450.766999232267,-370.883147475597,14.9990441327911,0,0,0.634160829593572,-0.772190436171825,2,2,0,0,1,-1,450.766999232267,-370.883147475597,446.462638117437,-372.325933499592,62.2803664418492,4.53973084201072
398,36.079672,140.0813864,450.784992126089,-370.927675272434,14.9921455400879,0,0,0.821783060051412,-0.568861277547787,2,2,0,0,1,-1,450.784992126089,-370.927675272434,446.282759542766,-372.387843484228,62.1430256498695,4.7330951227573
399,36.0796719,140.0813863,450.775995679178,-370.938807220853,14.9886658704939,0,0,0.998224691735716,-0.049382039706017,2,2,0,0,1,-1,450.775995679178,-370.938807220853,446.248590139228,-372.362854217541,62.154064482152,4.74608372997677
400,36.0796719,140.081386,450.749006335889,-370.938807220853,14.9965691147009,0,0,0.99827967924119,0.047236084922116,2,2,0,0,1,-1,450.749006335889,-370.938807220853,446.231364409517,-372.352349375124,62.1659572587485,4.73362334758649
401,36.079674,140.0813822,450.407141335375,-370.705036290619,14.991394628152,0,0,0.819293277624712,0.572368905910228,2,2,0,0,1,-1,450.407141335375,-370.705036290619,445.956559218351,-372.058950246521,62.2079358699655,4.65196347582047
402,36.0796766,140.0813808,450.281191070952,-370.415605614338,14.9040194062297,0,0,0.570593828215775,0.820362044360219,2,2,0,0,1,1,450.281191070952,-370.415605614338,445.966228627451,-371.866121108094,62.1915923962526,4.55224077641439
403,36.0797058,140.0813691,449.228606718451,-367.165076483155,14.694609235595,0,0,0.857301446484904,0.514285747870873,2,2,0,0,1,-1,449.228606718451,-367.165076483155,444.763766275942,-368.124749771747,62.1506599388808,4.56681212640756
404,36.0797393,140.0813479,447.321359860832,-363.435873541504,14.3919639422861,0,0,0.86788121389814,0.496011188628142,2,2,0,0,1,-1,447.321359860832,-363.435873541504,443.22670588309,-364.392705145041,61.964440767843,4.20496348556916
405,36.0797676,140.0813212,444.91930839243,-360.285531952415,14.1543194487969,0,0,0.951656553938175,0.306175441357482,2,2,0,0,1,-1,444.91930839243,-360.285531952415,440.769829921439,-361.198902221395,61.5301455084435,4.24881357904442
406,36.0797881,140.081299,442.922097060588,-358.003482390587,13.9388160762095,0,0,0.654517021005874,0.755687035904308,2,2,0,0,1,1,442.922097060588,-358.003482390587,438.943076606414,-358.601129043337,61.5453975310217,4.02365322763767
407,36.079818,140.0813208,444.883322602229,-354.67502961652,13.7585065623823,0,0,0.403509628741513,0.914566155187779,2,2,0,0,1,-1,444.883322602229,-354.67502961652,441.246777024601,-355.288967819945,61.7061166809034,3.6880054034388
408,36.079849,140.0813467,447.21340249023,-351.22412540194,13.6332734732218,0,0,0.511638109131524,0.858870801102497,2,2,0,0,1,-1,447.21340249023,-351.22412540194,443.437755613921,-351.884794943481,61.564020589372,3.83301364173197
409,36.0798543,140.0813509,447.591253283501,-350.634132100169,13.5974072660897,0,0,0.518858495624514,0.854625582735408,2,2,0,0,1,1,447.591253283501,-350.634132100169,443.878049803299,-351.358593539267,61.5494555327314,3.78321615323869
411,36.0798577,140.08135,447.510285256189,-350.255645831795,13.5828018822375,0,0,0.882325752876,0.470158614843853,2,2,0,0,1,-1,447.510285256189,-350.255645831795,443.696999416575,-350.998082435,61.4397441078391,3.88488880206171
412,36.0798764,140.0813109,443.99267430691,-348.173971354154,13.4015911031961,0,0,0.986517855774959,0.160366378505206,2,2,0,0,1,-1,443.99267430691,-348.173971354154,440.294229522043,-348.844956303137,61.1058987206976,3.75881824892694
413,36.0798917,140.0812691,440.232159273137,-346.470783144887,13.2231095240747,0,0,0.962759104945729,0.268845006553601,2,2,0,0,1,-1,440.232159273137,-346.470783144887,436.712172683849,-346.99050702375,60.8771932803994,3.55814818396183
414,36.0799158,140.0812328,436.966448850148,-343.787983417057,12.9646219549144,0,0,0.95074293709049,0.308587154158497,2,2,0,0,1,-1,436.966448850148,-343.787983417057,433.495548813258,-344.364735443028,60.3855296344256,3.5184925700563
415,36.0799427,140.0812011,434.11457501063,-340.793489114527,12.6603737351276,0,0,0.91845759193373,0.39416938378018,2,2,0,0,1,-1,434.11457501063,-340.793489114527,430.879517262199,-341.239777109168,60.1743911554311,3.26569619068378
416,36.0799731,140.0811752,431.784495122629,-337.409376594413,12.3042390704431,0,0,0.881243977757949,0.471240961958388,2,2,0,0,1,-1,431.784495122629,-337.409376594413,428.780574395937,-337.694560222031,60.0057971680172,3.017427618636
417,36.0800027,140.081154,429.87724826501,-334.114319666392,11.9317022577514,0,0,0.872535803001371,0.487210611855016,2,2,0,0,1,-1,429.87724826501,-334.114319666392,426.940359579109,-334.138077159372,59.8564447648203,2.93698477555566
418,36.0800333,140.0811344,428.113944565636,-330.70794324865,11.5849119837244,0,0,0.853764525408662,0.520148965431372,2,2,0,0,1,-1,428.113944565636,-330.70794324865,425.325341592677,-330.38196358669,59.8341897773406,2.80759136642232
419,36.0800441,140.0811273,427.475196796607,-329.505692748271,11.4888778417894,0,0,0.856279975666133,0.515687381194094,2,2,0,0,1,1,427.475196796607,-329.505692748271,424.807557585694,-329.219166494466,59.740932795638,2.68298271588174
421,36.080053,140.0811025,425.24407782974,-328.514949279707,11.4148384494939,0,0,0.99919440681586,-0.018775768410702,2,2,0,0,1,-1,425.24407782974,-328.514949279707,422.718612230325,-328.303289510681,59.5006359269918,2.5343197019419
422,36.0800493,140.0810563,421.087719111431,-328.926831395709,11.4537342310953,0,0,0.981848304390577,-0.185158964536465,2,2,0,0,1,-1,421.087719111431,-328.926831395709,418.714250259966,-328.718685677308,59.2395241656635,2.38257823144696
423,36.0800351,140.0810112,417.030321314257,-330.507568165254,11.5890944727391,0,0,0.97516364935357,-0.216932409382486,2,2,0,0,1,-1,417.030321314257,-330.507568165254,414.805416235978,-330.15349077829,59.1822156869436,2.25290332755575
424,36.0800245,140.080967,413.053891541838,-331.687554767215,11.6882178630666,0,0,0.976174929440562,-0.212162405252,2,2,0,0,1,-1,413.053891541838,-331.687554767215,410.833343030668,-331.264326741188,58.9564731920775,2.26052154435016
425,36.0800133,140.0809235,409.140436902908,-332.934333064432,11.8033933101503,0,0,0.944309418325448,-0.325605101148357,2,2,0,0,1,-1,409.140436902908,-332.934333064432,407.025860159994,-332.542735096213,58.7323768984505,2.15053104380985
426,36.0800065,140.0809101,407.934912945252,-333.691305601971,11.8422363724313,0,0,0.998405213675032,-0.038000341116144,2,2,0,0,1,1,407.934912945252,-333.691305601971,405.844642958285,-333.150818783329,58.8046733857853,2.15901704938607
428,36.0800046,140.0808987,406.909317938598,-333.902812634577,11.8495800183517,0,0,0.999214652026055,0.004112927953446,2,2,0,0,1,-1,406.909317938598,-333.902812634577,404.649176993585,-333.235558369302,58.7124014119336,2.35657916180452
429,36.0800107,140.0808853,405.703793980941,-333.223763740713,11.7830255391112,0,0,0.862804705077568,0.504894262113347,2,2,0,0,1,-1,405.703793980941,-333.223763740713,403.51031369536,-332.308647066866,58.7886554624641,2.37671922826114
430,36.0800441,140.0808705,404.372319758861,-329.505692748271,11.4939016173097,0,0,0.845026639931437,0.534029576071327,2,2,0,0,1,-1,404.372319758861,-329.505692748271,402.21440468626,-328.448931857731,58.5448895657853,2.40277777589409
431,36.0800762,140.080855,402.97787040329,-325.932337093179,11.2317668961683,0,0,0.88274155023172,0.468583878202488,2,2,0,0,1,-1,402.97787040329,-325.932337093179,400.815032427992,-324.700931982051,58.3062173744191,2.488820334034
432,36.0801096,140.0808367,401.331520521429,-322.214266100737,10.9631892581914,0,0,0.849667713128336,0.526670012377812,2,2,0,0,1,-1,401.331520521429,-322.214266100737,399.321587853019,-320.912160751827,58.0573166592804,2.39485023982779
433,36.0801456,140.0808294,400.674779858578,-318.206764432015,10.6908352144555,0,0,0.819840505264102,0.571861417450025,2,2,0,0,1,-1,400.674779858578,-318.206764432015,398.813022391978,-316.918305338657,57.8118649957418,2.26412625524713
434,36.0801812,140.0808166,399.523234584944,-314.24379056013,10.3727190315565,0,0,0.783353845431595,0.621230224219284,2,2,0,0,1,-1,399.523234584944,-314.24379056013,397.913741862872,-312.880617106228,57.6590089500347,2.10919621842696
435,36.0802153,140.0808096,398.893483262826,-310.447795924013,10.1247405166304,0,0,0.827391839092004,0.561225123371966,2,2,0,0,1,-1,398.893483262826,-310.447795924013,397.121275481294,-308.895833143422,57.3931050488698,2.35569711407531
436,36.0802515,140.0808036,398.353696417488,-306.418030357663,9.84855748326285,0,0,0.692455035814187,0.721009853888887,2,2,0,0,1,-1,398.353696417488,-306.418030357663,396.693452397556,-304.869843464178,57.1452790170242,2.27008653202466
437,36.0802866,140.0808003,398.056813651529,-302.510716230243,9.58760702170925,0,0,0.756208967481876,0.65399408544686,2,2,0,0,1,-1,398.056813651529,-302.510716230243,396.453328310706,-300.846739980144,56.9888225145013,2.31084015006002
438,36.0803223,140.080805,398.479646681911,-298.536610409149,9.31040385150068,0,0,0.669513258822397,0.742256008360454,2,2,0,0,1,-1,398.479646681911,-298.536610409149,397.082044191634,-296.845153380477,56.9194782864101,2.19415578313738
439,36.0803244,140.0808059,398.560614709224,-298.302839478915,9.31494642628972,0,0,0.681007271942003,0.731692756302775,2,2,0,0,1,1,398.560614709224,-298.302839478915,397.059779859403,-296.719987212248,56.7628465059502,2.18126718778944
440,36.0803568,140.0807938,397.472044566523,-294.696087976986,9.03503295259362,0,0,0.847973977967752,0.529527329146235,2,2,0,0,1,-1,397.472044566523,-294.696087976986,395.892987396504,-292.926761074978,56.529638155639,2.3714846051269
441,36.0803908,140.0807807,396.293509952155,-290.911225290079,8.7815350225198,0,0,0.831298421913458,0.555398128487941,2,2,0,0,1,-1,396.293509952155,-290.911225290079,394.71350234841,-289.060425383407,56.2429261712453,2.43349220718483
442,36.0804264,140.0807644,394.827089018741,-286.948251417403,8.52645432627944,0,0,0.849549783623938,0.527095568443144,2,2,0,0,1,-1,394.827089018741,-286.948251417403,393.404658532269,-285.266346142753,55.8147289838427,2.20275142531758
443,36.0804607,140.0807473,393.288696504924,-283.129992883658,8.28333364627623,0,0,0.830056692469277,0.557168212506421,2,2,0,0,1,-1,393.288696504924,-283.129992883658,391.791386993167,-281.441620208546,55.3898332233707,2.2566652529927
444,36.080495,140.0807317,391.885250705,-279.311734349123,8.02644420684381,0,0,0.746247474827788,0.665181366745607,2,2,0,0,1,-1,391.885250705,-279.311734349123,390.586464503712,-277.605961750829,55.1509752837353,2.14394630383924
445,36.0805334,140.0807279,391.54338570193,-275.037065902539,7.7371336171125,0,0,0.711318861036405,0.702572779214918,2,2,0,0,1,-1,391.54338570193,-275.037065902539,390.350875494067,-273.524954649348,54.7602909522534,1.9257624562448
446,36.0805695,140.0807361,392.281094392092,-271.018432285397,7.47390267842181,0,0,0.682458514831937,0.730640165774686,2,2,0,0,1,-1,392.281094392092,-271.018432285397,391.177263900361,-269.608579708813,54.5523100756665,1.79056584413368
447,36.0806069,140.0807369,392.353065972494,-266.855083329325,7.20919715140637,0,0,0.783438831164454,0.621121071503283,2,2,0,0,1,-1,392.353065972494,-266.855083329325,391.439128950314,-265.611482535614,54.2808301811267,1.54331585057298
448,36.0806473,140.0807343,392.119158337468,-262.357775901716,6.94464017245032,0,0,0.776454901869278,0.629971676310941,2,2,0,0,1,-1,392.119158337468,-262.357775901716,391.316796081035,-261.532077361691,53.7102007580045,1.15133108598159
449,36.0806841,140.0807303,391.759300440576,-258.261218640109,6.71490127465336,0,0,0.791805151255962,0.610398247377486,2,2,0,0,1,-1,391.759300440576,-258.261218640109,390.953490163256,-257.536564662053,53.3425801014687,1.08372210042404
450,36.0807218,140.0807223,391.039584644235,-254.064473837199,6.50370631506629,0,0,0.817976460984078,0.57474294881229,2,2,0,0,1,-1,391.039584644235,-254.064473837199,390.427193932274,-253.543579902494,52.9660064120811,0.803960742392852
451,36.0807241,140.0807213,390.949620170012,-253.808439008547,6.50442056097576,0,0,0.808829136500641,0.587728525934014,2,2,0,0,1,1,390.949620170012,-253.808439008547,390.354764617141,-253.420653542384,52.8436121834314,0.710092033857732
453,36.0807277,140.0807163,390.499797798897,-253.407688841754,6.48530639391486,0,0,0.998145761476684,0.049907154299557,2,2,0,0,1,-1,390.499797798897,-253.407688841754,389.93624791081,-253.075550039845,52.7490721657458,0.654144219645722
454,36.0807277,140.0807163,390.499797798897,-253.407688841754,6.4775068796469,0,0,0.999363540219552,-0.001679221045424,2,2,0,0,1,-1,390.499797798897,-253.407688841754,389.852499112656,-253.061826488337,52.7116326482984,0.73390486898522
455,36.0807287,140.0807099,389.924025160801,-253.29636935045,6.49477157970298,0,0,0.999395951622663,0.002914222739968,2,2,0,0,1,-1,389.924025160801,-253.29636935045,389.457838981034,-253.049862058478,52.6742076468938,0.52734751274844
456,36.0807295,140.0807017,389.186316470638,-253.207313758357,6.49218587217408,0,0,0.999549017260945,-0.003198807757785,2,2,0,0,1,-1,389.186316470638,-253.207313758357,388.656869823082,-252.944871275363,52.5741985819097,0.590922845630778
457,36.0807207,140.0806569,385.155908014197,-254.186925276921,6.58954893268346,0,0,0.965072883411327,-0.259712484484212,2,2,0,0,1,-1,385.155908014197,-254.186925276921,384.696741611596,-253.916650536489,52.2965838630928,0.532805987760252
458,36.0807095,140.0806162,381.494353904115,-255.433703574138,6.70021162452645,0,0,0.963337490563278,-0.265842354687967,2,2,0,0,1,-1,381.494353904115,-255.433703574138,380.86370990453,-255.064657055472,52.0033034747241,0.730689528563572
459,36.0806959,140.0805724,377.553909924453,-256.947648649218,6.83358687275831,0,0,0.9637604131673,-0.264213112828961,2,2,0,0,1,-1,377.553909924453,-256.947648649218,377.033323661591,-256.362747588669,51.9622935494811,0.783019353344377
460,36.0806863,140.0805298,373.721423312836,-258.016315760666,6.95500739458826,0,0,0.972475953930374,-0.23006911366467,2,2,0,0,1,-1,373.721423312836,-258.016315760666,373.11707297141,-257.55701107956,51.5164078133797,0.759078471087466
461,36.0806755,140.0804845,369.646032619283,-259.218566261045,7.10091987401552,0,0,0.989944856514483,-0.137346910866514,2,2,0,0,1,-1,369.646032619283,-259.218566261045,369.244985586227,-258.810888104512,51.2922568100215,0.571874288666725
462,36.0806645,140.0804444,366.038457195781,-260.443080659844,7.23376298075188,0,0,0.989395402274649,-0.141108224871065,2,2,0,0,1,-1,366.038457195781,-260.443080659844,365.406610641772,-259.960174925451,50.9517763927449,0.795253428865081
463,36.0806524,140.080401,362.133999003763,-261.790046498364,7.38931981654694,0,0,0.991218210359438,-0.127874411931267,2,2,0,0,1,-1,362.133999003763,-261.790046498364,361.654988399263,-261.455896017544,50.6530639482273,0.584044264636779
464,36.0806409,140.0803588,358.337498182346,-263.070220642418,7.53100811708632,0,0,0.971466120666062,-0.234305970666079,2,2,0,0,1,-1,358.337498182346,-263.070220642418,357.885138763776,-263.068898132917,50.1443418372856,0.452361351798108
465,36.0806289,140.0803286,355.620571054163,-264.406054531729,7.65401294635289,0,0,0.977455535639108,-0.207531477746164,2,2,0,0,1,1,355.620571054163,-264.406054531729,355.346809204671,-264.078960117679,50.3494121320916,0.426539923031181
467,36.0806263,140.0803152,354.415047096506,-264.695485208009,7.70762430825032,0,0,0.989055660021969,-0.142677283940642,2,2,0,0,1,-1,354.415047096506,-264.695485208009,354.011300814686,-264.459791911476,50.105261365313,0.467506566920866
468,36.0806179,140.0802696,350.312667059663,-265.630568930527,7.84963539680683,0,0,0.992308223837088,-0.119233886391751,2,2,0,0,1,-1,350.312667059663,-265.630568930527,350.101735319369,-265.332467387994,49.965501375727,0.365180405722794
469,36.0806079,140.0802299,346.741077426362,-266.743763838813,7.9994891674228,0,0,0.979449729631164,-0.19758846382778,2,2,0,0,1,-1,346.741077426362,-266.743763838813,346.26579050128,-266.596182716366,49.4318187236918,0.497672431279762
470,36.0805956,140.0801873,342.908590814745,-268.112993575752,8.16412784503471,0,0,0.958845464034212,-0.280780338823943,2,2,0,0,1,-1,342.908590814745,-268.112993575752,342.512075355849,-267.998354499251,49.2063902092003,0.412754923658208
471,36.0805855,140.0801479,339.363990519619,-269.237320432456,8.32825917051892,0,0,0.965245128079982,-0.258483687851104,2,2,0,0,1,-1,339.363990519619,-269.237320432456,338.692335170927,-269.198753227438,48.7284272705337,0.672761723591176
472,36.0805751,140.0801053,335.531503908002,-270.395043136789,8.48860843959641,0,0,0.971558302707406,-0.233173001985482,2,2,0,0,1,-1,335.531503908002,-270.395043136789,334.734316369728,-270.399750200042,48.3513031202795,0.79720143478466
473,36.0805657,140.080062,331.636042165451,-271.441446349819,8.6212763406866,0,0,0.98923139076627,-0.141077970213402,2,2,0,0,1,-1,331.636042165451,-271.441446349819,330.834271858454,-271.301579485349,48.1833444853096,0.813878593501535
474,36.0805499,140.0800204,327.893520028058,-273.200294304341,8.81852216689411,0,0,0.974036060269374,-0.221721069100478,2,2,0,0,1,-1,327.893520028058,-273.200294304341,327.165274372628,-273.091573694984,48.0034437599529,0.736316443895106
475,36.0805466,140.0800054,326.544052912155,-273.567648624297,8.87004545430681,0,0,0.999376684651846,0.00588506668918,2,2,0,0,1,-1,326.544052912155,-273.567648624297,325.72112796178,-273.306272843436,47.9599920322758,0.863436606110325
476,36.0805493,140.0799892,325.086628425651,-273.267085998807,8.90737717765455,0,0,0.998953340114799,-0.002764957942439,2,2,0,0,1,-1,325.086628425651,-273.267085998807,324.269133093775,-273.157829394233,47.7015299032112,0.824763980349657
477,36.0805493,140.0799792,324.186983680864,-273.267085998807,8.90792128032065,0,0,0.998505921589636,-0.044757925109693,2,2,0,0,1,1,324.186983680864,-273.267085998807,323.371242193952,-273.171969318354,47.6133098786381,0.821268139142147
479,36.0805494,140.0799796,324.222969471065,-273.255954050388,8.91244660397408,0,0,0.999333303039123,0.017896697178135,2,2,0,0,1,-1,324.222969471065,-273.255954050388,323.195732335764,-273.09182751877,47.5237967158594,1.04026614408109
480,36.0805584,140.0799653,322.936477486096,-272.254078632614,8.84482957806138,0,0,0.999442257460815,-0.002521977738126,2,2,0,0,1,-1,322.936477486096,-272.254078632614,321.710514034577,-272.111915898992,47.1889469048692,1.23417852326636
481,36.0805586,140.0799519,321.730953528439,-272.231814734986,8.82851931497383,0,0,0.999463994681549,0.014456870393222,2,2,0,0,1,-1,321.730953528439,-272.231814734986,320.68252455199,-272.006740435729,47.2618997947913,1.07231607226793
482,36.0805687,140.0799132,318.249328366803,-271.107487877491,8.8378788932039,0,0,0.998847588082388,-0.028716896270256,2,2,0,0,1,-1,318.249328366803,-271.107487877491,316.912435505704,-271.167839309843,46.4699133612488,1.33825439190267
483,36.0805693,140.0799037,317.394665859128,-271.040696183025,8.76194625529579,0,0,0.999297064605568,0.021340074626289,2,2,0,0,1,-1,317.394665859128,-271.040696183025,316.205064195952,-270.935429759576,46.6117131810026,1.19425003116456
484,36.080581,140.079885,315.712330187066,-269.738258141343,8.74901252578099,0,0,0.998997048345874,-0.018391631450661,2,2,0,0,1,-1,315.712330187066,-269.738258141343,314.656751533257,-270.46170703614,45.8560082360095,1.27969707265432
485,36.0805837,140.0798674,314.128955436139,-269.437695515853,8.74852580602965,0,0,0.999097118958155,0.028471049622619,2,2,0,0,1,-1,314.128955436139,-269.437695515853,313.074116015253,-270.104820227288,45.7382137413376,1.24809518245283
486,36.0805896,140.0798487,312.446619764077,-268.780910520407,8.78897523684883,0,0,0.999301035500101,-0.018977812658181,2,2,0,0,1,-1,312.446619764077,-268.780910520407,311.322192704807,-270.102598638613,45.0241100307329,1.73527971619139
487,36.0805906,140.079817,309.594745924559,-268.669591029104,8.82653920317014,0,0,0.99912499208669,0.019862986824514,2,2,0,0,1,-1,309.594745924559,-268.669591029104,308.556619814133,-270.10330453298,44.7519907811514,1.77009610822306
488,36.0805952,140.0797829,306.526957346395,-268.157521371798,8.78991469739055,0,0,0.999238715800117,-0.005723923104809,2,2,0,0,1,-1,306.526957346395,-268.157521371798,305.59266408054,-269.809463604697,44.3712924104121,1.89784536974306
489,36.080594,140.0797544,303.962969823368,-268.291104760729,8.86108675010101,0,0,0.999362128856515,0.005636354769661,2,2,0,0,1,-1,303.962969823368,-268.291104760729,303.096670028175,-269.886622943469,44.2530994511723,1.81553121884621
490,36.0805953,140.0797387,302.550527576533,-268.146389422589,8.89422251559703,0,0,0.999260781394444,-0.010811577191643,2,2,0,0,1,-1,302.550527576533,-268.146389422589,301.444776956222,-269.663461975669,44.0081931251285,1.8772835602614
491,36.0805936,140.0797199,300.859195455003,-268.335632556776,8.87226064340825,0,0,0.99936545017246,0.00794838561993,2,2,0,0,1,-1,300.859195455003,-268.335632556776,299.936418082194,-269.573520694276,44.2064221299034,1.54398352346533
492,36.0805962,140.0796885,298.034310958775,-268.046201881286,8.88184508793812,0,0,0.999330776959418,-0.0019297178782,2,2,0,0,1,-1,298.034310958775,-268.046201881286,297.041130377826,-269.105367406364,44.0221231849321,1.45197771191221
493,36.0805946,140.0796694,296.315989496513,-268.224313066264,8.9331474424704,0,0,0.999338047533073,0.003792914250389,2,2,0,0,1,-1,296.315989496513,-268.224313066264,295.314348599921,-269.012213072734,44.0757390600784,1.27439040561381
494,36.0805971,140.0796485,294.435731979627,-267.946014339192,8.91077129627186,0,0,0.998899689421719,-0.020383387115402,2,2,0,0,1,-1,294.435731979627,-267.946014339192,293.506203171484,-268.746417338234,43.938768805211,1.22664940632669
495,36.0805953,140.0796349,293.212215128148,-268.146389422589,8.86564751515052,0,0,0.999598555801718,0.007825656927642,2,2,0,0,1,-1,293.212215128148,-268.146389422589,292.134435132214,-268.677130813209,43.9351267626251,1.20137260804151
496,36.0805977,140.0796184,291.727801298355,-267.879222644727,8.77902877228507,0,0,0.99923974713751,-0.018117469859486,2,2,0,0,1,-1,291.727801298355,-267.879222644727,290.565216194485,-268.474407951977,43.6841136056906,1.30608180207245
497,36.0805961,140.0796049,290.513280893787,-268.057333829705,8.781551461761,0,0,0.999253795774012,0.021458707887574,2,2,0,0,1,-1,290.513280893787,-268.057333829705,289.347295581658,-268.379664860644,43.784918445143,1.20971857950799
498,36.0806003,140.079591,289.262774699019,-267.589791968446,8.71610341772361,0,0,0.999050316254198,-0.030890169989802,2,2,0,0,1,-1,289.262774699019,-267.589791968446,288.405556259291,-268.07198870354,43.7520486972506,0.98353299118247
499,36.0805993,140.079584,288.633023376901,-267.701111459749,8.71171576588052,0,0,0.999433280813239,0.003508620502419,2,2,0,0,1,-1,288.633023376901,-267.701111459749,287.563824868035,-267.902297654322,43.7533889123287,1.08796201047945
500,36.0806004,140.079567,287.103627312552,-267.578660019237,8.69028525673632,0,0,0.99795184519331,0.05427257822493,2,2,0,0,1,1,287.103627312552,-267.578660019237,286.197925738201,-267.798258459087,43.7191996600551,0.931943569411164
502,36.0805967,140.0795656,286.977677048129,-267.990542135239,8.69886449645428,0,0,0.999196019756639,-0.026821863729771,2,2,0,0,1,-1,286.977677048129,-267.990542135239,286.186579391945,-267.787630407405,44.1179000678197,0.816705988046988
503,36.0805963,140.0795651,286.932694811017,-268.035069932077,8.68377126241122,0,0,0.840863145089453,-0.5390274409276,2,2,0,0,1,-1,286.932694811017,-268.035069932077,286.182139900738,-267.913347184857,44.0894524008468,0.760361164536095
504,36.0805949,140.0795656,286.977677048129,-268.190917218636,8.72572055431657,0,0,0.420890538822072,-0.906043489624429,2,2,0,0,1,-1,286.977677048129,-268.190917218636,286.256758478562,-267.860302991608,44.2728005802228,0.793113706261494
505,36.0805912,140.079572,287.553449683667,-268.602799334638,8.69419557734918,0,0,-0.117299685084355,-0.992807069308529,2,2,0,0,1,-1,287.553449683667,-268.602799334638,287.104077825601,-268.152463266197,44.6300314338666,0.636189941261073
506,36.0805856,140.0796206,291.925723143179,-269.226188483247,8.79237737506224,0,0,-0.117037888086372,-0.99291638819626,2,2,0,0,1,-1,291.925723143179,-269.226188483247,291.094755714163,-268.590432606713,44.9078901418829,1.04627549079271
507,36.0805812,140.0796627,295.713227517685,-269.715994242924,8.84787040727295,0,0,0.057827166697363,-0.997767624469178,2,2,0,0,1,-1,295.713227517685,-269.715994242924,295.201999500312,-269.050435478205,45.5128872093597,0.839239271627556
508,36.0805761,140.0797085,299.833600445793,-270.283723645486,8.91231239559894,0,0,-0.035445455455685,-0.999031480592615,2,2,0,0,1,-1,299.833600445793,-270.283723645486,299.313176071746,-269.596827261341,45.9160884709041,0.861781974546874
509,36.0805735,140.0797526,303.801033771301,-270.573154321767,8.82886312477412,0,0,-0.021638738363291,-0.999233772745468,2,2,0,0,1,-1,303.801033771301,-270.573154321767,303.334148683444,-269.837242950923,46.3506983756769,0.871520069189534
510,36.0805664,140.0797976,307.849435121565,-271.363522706935,8.82993876757392,0,0,0.104908862624687,-0.99384363164846,2,2,0,0,1,-1,307.849435121565,-271.363522706935,307.342775119334,-270.421150581238,46.8805528442375,1.06993905487645
511,36.0805628,140.079842,311.843857785249,-271.764272873728,8.82631571354776,0,0,-0.075597572523959,-0.996710877988621,2,2,0,0,1,-1,311.843857785249,-271.764272873728,311.38572827238,-270.887343241512,47.2423764776654,0.989387805877325
512,36.0805655,140.0798852,315.730323083445,-271.463710248237,8.77868459648493,0,0,-0.102662619671635,-0.994436972083709,2,2,0,0,1,-1,315.730323083445,-271.463710248237,315.387242200193,-270.587816542187,47.6370850236405,0.940688193160499
513,36.0805608,140.0799264,319.436859430638,-271.986911854752,8.7710774615697,0,0,-0.058462988353551,-0.997721822028656,2,2,0,0,1,-1,319.436859430638,-271.986911854752,319.401892721998,-270.956872870897,48.3214647197455,1.03063231997352
514,36.0805539,140.0799532,321.847907345952,-272.755016341501,8.82757793817294,0,0,0.129666468571258,-0.991022242753365,2,2,0,0,1,1,321.847907345952,-272.755016341501,321.363272538507,-271.763642450825,48.2557715208159,1.10349131745664
516,36.0805462,140.0799722,323.557232358746,-273.612176420344,8.87943026154264,0,0,0.420590476826227,-0.906509351948487,2,2,0,0,1,-1,323.557232358746,-273.612176420344,323.077763146549,-272.560626604156,48.5156769193137,1.15570227194101
517,36.0805141,140.0799899,325.149603556585,-277.185532075436,9.0587514681957,0,0,0.443067449282352,-0.895660089656418,2,2,0,0,1,-1,325.149603556585,-277.185532075436,324.894603634307,-276.164305012029,49.0408866529919,1.05258238413755
518,36.0804782,140.0800118,327.119825547694,-281.181901794158,9.29275309964085,0,0,0.498153955728661,-0.865824371421069,2,2,0,0,1,-1,327.119825547694,-281.181901794158,326.852603487461,-279.771537767665,49.7793230565147,1.43545613541541
519,36.0804439,140.0800253,328.334345952262,-285.000160328693,9.51863600875029,0,0,0.475684740967292,-0.878555601182119,2,2,0,0,1,-1,328.334345952262,-285.000160328693,328.151466675863,-283.720837552383,50.1226182948109,1.29232797529198
520,36.0804092,140.0800446,330.070660308346,-288.862946659275,9.75738682374682,0,0,0.511283240571728,-0.858330087923607,2,2,0,0,1,-1,330.070660308346,-288.862946659275,329.869113405555,-287.357035143797,50.7072974714009,1.51933888467107
521,36.0803732,140.0800484,330.412525311416,-292.870448327998,10.0499261967745,0,0,0.723577803322061,-0.688289272979926,2,2,0,0,1,-1,330.412525311416,-292.870448327998,330.137802473218,-291.39717483045,50.9553331329707,1.49866855455209
522,36.0803371,140.0800466,330.250589259349,-296.889081945139,10.3305702229897,0,0,0.681432090087494,-0.730241669940596,2,2,0,0,1,-1,330.250589259349,-296.889081945139,330.052862390602,-295.444362113554,51.2693814967056,1.45818767872935
523,36.0803019,140.0800535,330.871344131999,-300.807528021768,10.621791784945,0,0,0.684460424267893,-0.727283937192156,2,2,0,0,1,-1,330.871344131999,-300.807528021768,330.620503242843,-299.428420761952,51.5291671073356,1.40173392116683
524,36.0802656,140.0800565,331.141237554668,-304.848425537328,10.9026343833664,0,0,0.696067064764548,-0.716227709461035,2,2,0,0,1,-1,331.141237554668,-304.848425537328,330.815607648275,-303.433632824641,51.8269235902709,1.45178278533989
525,36.0802284,140.0800529,330.817365447976,-308.989510594981,11.1190488706771,0,0,0.701547409626202,-0.711228359573741,2,2,0,0,1,-1,330.817365447976,-308.989510594981,330.403166491349,-307.459635045262,52.1296089875199,1.58495424959219
526,36.0801926,140.0800489,330.457507548527,-312.974748365285,11.3431408783554,0,0,0.663071707365563,-0.747412635524268,2,2,0,0,1,-1,330.457507548527,-312.974748365285,330.027054326979,-311.483287846887,52.3613729402153,1.55233516158074
527,36.080156,140.0800457,330.169621232036,-317.049041728473,11.5500325085983,0,0,0.640530417617292,-0.766917254910997,2,2,0,0,1,-1,330.169621232036,-317.049041728473,329.623902708892,-315.486158943385,52.6150422376772,1.65541877071308
528,36.0801206,140.0800482,330.394532417594,-320.989751701939,11.7375662615076,0,0,0.653168236998554,-0.75634382582951,2,2,0,0,1,-1,330.394532417594,-320.989751701939,329.859904745275,-319.49333913765,52.8967188119101,1.58904918444021
529,36.0800848,140.0800572,331.204212688158,-324.974989472243,11.9353605581583,0,0,0.596842793696852,-0.801411999114518,2,2,0,0,1,1,331.204212688158,-324.974989472243,330.311002389524,-323.199763607857,53.2075925085834,1.98727237870687
531,36.0800847,140.0800575,331.231202028891,-324.986121421452,11.9581257409232,0,0,0.953582807384107,-0.29888050677511,2,2,0,0,1,-1,331.231202028891,-324.986121421452,330.301854873725,-323.24344840982,53.1621088084333,1.97499249626086
532,36.0800847,140.0800575,331.231202028891,-324.986121421452,11.9548503547127,0,0,0.999570590368231,0.004130415451842,2,2,0,0,1,-1,331.231202028891,-324.986121421452,330.34896707347,-323.274430777104,53.1741615337878,1.9256747852415
533,36.0800865,140.0800548,330.988297949511,-324.785746338056,11.9270142612255,0,0,0.829201426529113,0.558724727177744,2,2,0,0,1,-1,330.988297949511,-324.785746338056,330.036353213948,-322.850655117422,53.2450159004166,2.15656597667242
534,36.0801245,140.0800563,331.123244660846,-320.555605688309,11.7064143787628,0,0,0.692491872214013,0.721320962965308,2,2,0,0,1,-1,331.123244660846,-320.555605688309,330.547691832106,-318.820896201707,53.061712878865,1.8276974753979
535,36.0801602,140.0800593,331.393138083515,-316.581499866423,11.4763281320319,0,0,0.697266580862015,0.716522551540994,2,2,0,0,1,-1,331.393138083515,-316.581499866423,330.881883056345,-314.772685297386,52.880146366268,1.87967865550647
536,36.0801954,140.0800619,331.62704571854,-312.663053790585,11.259124799736,0,0,0.710741212797074,0.703230016929207,2,2,0,0,1,-1,331.62704571854,-312.663053790585,331.235847462789,-310.782117157463,52.7400595274101,1.92118679287666
537,36.0802326,140.0800631,331.735003086585,-308.521968733723,11.0509433242292,0,0,0.725515152914779,0.687887964490708,2,2,0,0,1,-1,331.735003086585,-308.521968733723,331.452558552433,-306.680741985717,52.486760295653,1.86276430405059
538,36.0802701,140.0800631,331.735003086585,-304.347487828441,10.7980055482796,0,0,0.729518543142628,0.683563689527189,2,2,0,0,1,-1,331.735003086585,-304.347487828441,331.541250761923,-302.565244359615,52.1951738014701,1.79274419410175
539,36.0803037,140.0800614,331.582063481429,-300.60715293758,10.5225665916782,0,0,0.733166370017157,0.679524920116058,2,2,0,0,1,-1,331.582063481429,-300.60715293758,331.626940123362,-298.562065547357,52.2595673421124,2.04557970918765
540,36.0803387,140.080058,331.276184266002,-296.710970760161,10.2452405856966,0,0,0.80771061795659,0.588948758555856,2,2,0,0,1,-1,331.276184266002,-296.710970760161,331.215536772087,-294.539860663154,51.9652715095652,2.17195699125113
541,36.0803754,140.0800477,330.349550180483,-292.625545447764,9.98345205161729,0,0,0.840749296984944,0.540562920741726,2,2,0,0,1,-1,330.349550180483,-292.625545447764,330.402568206251,-290.618842493974,51.5448805108718,2.00740321206364
542,36.0804098,140.0800318,328.919115037268,-288.79615496481,9.73094048102078,0,0,0.861936495110365,0.506426295370481,2,2,0,0,1,-1,328.919115037268,-288.79615496481,329.071158297503,-286.811131722071,51.1935743220299,1.99083761949447
543,36.0804442,140.0800122,327.155811337895,-284.966764481856,9.52179974837122,0,0,0.855672824101441,0.517103370057838,2,2,0,0,1,-1,327.155811337895,-284.966764481856,327.382846002543,-283.162621296819,50.6808134266037,1.81837217616968
544,36.0804726,140.0799881,324.98766750196,-281.805290942766,9.32811285220576,0,0,0.839156509227448,0.543376137915874,2,2,0,0,1,-1,324.98766750196,-281.805290942766,325.01577487897,-279.860248977726,50.2306136232214,1.94524504122468
545,36.0805045,140.0799645,322.864505905695,-278.254199186884,9.07638843306792,0,0,0.89679225982474,0.441930448542197,2,2,0,0,1,-1,322.864505905695,-278.254199186884,323.145264790628,-276.304853095573,49.9631458770845,1.96946077269387
546,36.0805273,140.0799455,321.155180890344,-275.716114796403,8.93853475003162,0,0,0.877023193486885,0.479921277838318,2,2,0,0,1,1,321.155180890344,-275.716114796403,321.438735074984,-273.925276749419,49.5158641836225,1.81314750810695
548,36.0805369,140.0799404,320.696362072317,-274.647447684955,8.87963466518023,0,0,0.825993487698058,0.563331599542768,2,2,0,0,1,-1,320.696362072317,-274.647447684955,320.915224713506,-272.880605631757,49.3372237293534,1.78034594858855
549,36.0805706,140.0799269,319.48184166775,-270.895980844885,8.67776452649688,0,0,0.853460739792886,0.520751360333436,2,2,0,0,1,-1,319.48184166775,-270.895980844885,319.785990434561,-268.960491254202,49.1436325049125,1.95924128886492
550,36.0806051,140.079908,317.78151309931,-267.055458412722,8.43977062345065,0,0,0.917972278204731,0.396079574675443,2,2,0,0,1,-1,317.78151309931,-267.055458412722,317.976975810936,-265.364720221249,48.4654851561907,1.70199920791449
551,36.0806371,140.0798852,315.730323083445,-263.49323470763,8.21163503048535,0,0,0.917420087161295,0.397350691666734,2,2,0,0,1,-1,315.730323083445,-263.49323470763,315.908668755787,-261.808073804895,48.0155144144368,1.6945720542222
552,36.0806719,140.0798655,313.958022934604,-259.619316427838,7.97006290039009,0,0,0.869557442440723,0.493501132435268,2,2,0,0,1,-1,313.958022934604,-259.619316427838,314.114729121786,-258.149117542254,47.4096888388166,1.47852683177342
553,36.0807046,140.0798451,312.122747657386,-255.979169079072,7.7317690549411,0,0,0.73556366791305,0.67716110467814,2,2,0,0,1,-1,312.122747657386,-255.979169079072,312.616914818045,-254.423214773216,47.2783719745301,1.63254249089746
554,36.0807423,140.0798276,310.548369353369,-251.782424276162,7.47419366038671,0,0,0.851608668757441,0.523782567128354,2,2,0,0,1,-1,310.548369353369,-251.782424276162,311.032427512199,-250.669138787569,46.5052543881172,1.21396741317094
555,36.0807758,140.0798106,309.018973289021,-248.053221334511,7.23374234218192,0,0,0.779250595063566,0.626401185065283,2,2,0,0,1,-1,309.018973289021,-248.053221334511,309.589886101166,-246.881193599328,46.2080124567086,1.30368341675033
556,36.0808121,140.0798047,308.488182888037,-244.012323818951,6.9828566439917,0,0,0.739829850381353,0.672509507715679,2,2,0,0,1,-1,308.488182888037,-244.012323818951,309.271308603838,-242.869956630005,45.9954080275242,1.3850229893871
557,36.0808507,140.0797978,307.867428015386,-239.715391473948,6.72147377240623,0,0,0.811466262370966,0.58413092032998,2,2,0,0,1,-1,307.867428015386,-239.715391473948,308.732841531134,-238.899690331483,45.4483684323359,1.18924720182833
558,36.08089,140.0797936,307.489577222116,-235.34053548606,6.46522058350037,0,0,0.682898369591821,0.730208335713977,2,2,0,0,1,-1,307.489577222116,-235.34053548606,308.504937180049,-234.838508250964,44.9720620680329,1.13269024404431
559,36.0809282,140.0797894,307.111726428845,-231.088130937895,6.21034170366221,0,0,0.814240513578852,0.580040852145622,2,2,0,0,1,-1,307.111726428845,-231.088130937895,308.248090404986,-230.832641117555,44.5358409651493,1.16473092796905
560,36.0809629,140.0797817,306.418999975793,-227.225344607313,5.95498468270404,0,0,0.66626304100197,0.745418798888343,2,2,0,0,1,-1,306.418999975793,-227.225344607313,307.765093636801,-226.851310040686,44.4325868672692,1.3970934117792
561,36.0809988,140.0797831,306.544950240217,-223.2289748878,5.70210533777738,0,0,0.742205027091362,0.669923516988521,2,2,0,0,1,-1,306.544950240217,-223.2289748878,307.832101295854,-222.823458444359,44.1547968991279,1.34951896093731
562,36.0810341,140.0797834,306.571939583507,-219.299396862752,5.43181484863726,0,0,0.650812046409872,0.758898938318982,2,2,0,0,1,-1,306.571939583507,-219.299396862752,307.709865204781,-218.814580630226,43.85598337657,1.23689995507842
563,36.0810705,140.0797929,307.426602091182,-215.247367397983,5.1464500325322,0,0,0.679899215974703,0.732991867731474,2,2,0,0,1,-1,307.426602091182,-215.247367397983,308.545549159579,-214.895030898319,43.5489854550522,1.17310849918831
564,36.0811069,140.0797936,307.489577222116,-211.195337932422,4.90382120685061,0,0,0.746798650199462,0.664699765710897,2,2,0,0,1,-1,307.489577222116,-211.195337932422,308.773323032021,-210.850999205734,43.383900865933,1.32912469811857
565,36.0811454,140.0797945,307.570545249428,-206.90953753742,4.6250064876604,0,0,0.616058559038346,0.787382874200736,2,2,0,0,1,-1,307.570545249428,-206.90953753742,308.94725952915,-206.754475968468,43.0199693746498,1.38541917777849
566,36.0811804,140.0798088,308.857037234397,-203.013355359209,4.38610350442687,0,0,0.749608790529948,0.661383340192721,2,2,0,0,1,-1,308.857037234397,-203.013355359209,310.007760690013,-202.853255293714,42.7517097737326,1.16180742908483
567,36.0812155,140.0798152,309.432809869935,-199.10604123258,4.09972569386183,0,0,0.752154192742147,0.658630791727405,2,2,0,0,1,-1,309.432809869935,-199.10604123258,310.609584858217,-198.863260912599,42.6385328962566,1.20155801225589
568,36.0812538,140.0798109,309.045962629753,-194.842504735205,3.83393146098762,0,0,0.759193806483857,0.650499063542226,2,2,0,0,1,-1,309.045962629753,-194.842504735205,310.371066154797,-194.754378003386,42.2991329220733,1.32803074999961
569,36.0812897,140.0798076,308.749079863795,-190.846135015692,3.59681890894581,0,0,0.617852877136442,0.785990742001687,2,2,0,0,1,-1,308.749079863795,-190.846135015692,310.16016518875,-190.634076825397,42.1723598402041,1.42693043641809
570,36.0813245,140.0798167,309.56775658127,-186.972216735901,3.34736737292666,0,0,0.75603622193874,0.654132334759515,2,2,0,0,1,-1,309.56775658127,-186.972216735901,310.930494516425,-186.688657010577,42.0418309800681,1.39192700876808
571,36.0813602,140.0798271,310.503387116258,-182.998110914806,3.10541246671857,0,0,0.758225366707514,0.651676508626542,2,2,0,0,1,-1,310.503387116258,-182.998110914806,311.806360230872,-182.702965474521,41.8669641104778,1.33598269761589
572,36.0813975,140.0798261,310.413422642034,-178.845893907943,2.85822811533369,0,0,0.742762039036148,0.669338684936948,2,2,0,0,1,-1,310.413422642034,-178.845893907943,311.82206344453,-178.69678072661,41.5519294856007,1.41651108407342
573,36.0814327,140.0798235,310.179515009566,-174.927447832105,2.63292557859049,0,0,0.730124253084717,0.683117621216501,2,2,0,0,1,-1,310.179515009566,-174.927447832105,311.716189706475,-174.657683222086,41.4706775594452,1.56017373037081
574,36.0814679,140.0798221,310.053564745142,-171.009001756267,2.39106974003202,0,0,0.720299360662938,0.69349618312321,2,2,0,0,1,-1,310.053564745142,-171.009001756267,311.671199354332,-170.547857017986,41.4352595140688,1.68208091318194
575,36.0815046,140.0798243,310.25148658741,-166.923576444661,2.16724296155837,0,0,0.630178205719069,0.776191039791299,2,2,0,0,1,-1,310.25148658741,-166.923576444661,311.929335404592,-166.549275996755,41.1821723205929,1.71909205065345
576,36.0815387,140.0798321,310.95320948993,-163.127581808544,1.9632482801452,0,0,0.715230246727624,0.698804834345377,2,2,0,0,1,-1,310.95320948993,-163.127581808544,312.551787464725,-162.583066800271,41.1386680303244,1.68877119105453
577,36.0815735,140.0798376,311.448014098156,-159.253663528753,1.7215280133828,0,0,0.695584514835369,0.718075103043971,2,2,0,0,1,1,311.448014098156,-159.253663528753,313.00291021723,-158.828552736525,40.850858831411,1.61196188750814
579,36.0815743,140.0798377,311.457010545067,-159.164607935868,1.69284070969396,0,0,0.436464005584482,0.899289759016119,2,2,0,0,1,-1,311.457010545067,-159.164607935868,313.072081128928,-158.590680367412,41.0050574273288,1.71401454039558
580,36.0815948,140.0798751,314.82168188919,-156.882558374831,1.52169957448753,0,0,0.101555956555439,0.994242543980912,2,2,0,0,1,-1,314.82168188919,-156.882558374831,316.474410030098,-156.384001432388,41.1734310458562,1.72628773169675
581,36.0815976,140.0799227,319.103990874479,-156.570863800922,1.45011757400913,0,0,-0.018280539268382,0.999198487677822,2,2,0,0,1,-1,319.103990874479,-156.570863800922,320.534118516144,-156.125269465332,41.4261241859574,1.49793837769225
582,36.081601,140.0799662,323.017445513408,-156.192377531757,1.35010617265468,0,0,0.293855203371588,0.955521246935039,2,2,0,0,1,-1,323.017445513408,-156.192377531757,324.593743073873,-155.490102229372,42.0959170566394,1.72566062696834
583,36.0816209,140.0800064,326.634017386378,-153.977119665185,1.1762859870259,0,0,0.15648540135294,0.987143087021235,2,2,0,0,1,-1,326.634017386378,-153.977119665185,328.295896105738,-153.766956759232,41.9651645472746,1.67511471992208
584,36.0816316,140.0800516,330.700411630464,-152.786001113224,1.06693191307198,0,0,0.139436524908726,0.989640166545961,2,2,0,0,1,-1,330.700411630464,-152.786001113224,332.280052819467,-152.761494374386,42.1136460495741,1.57983127777752
585,36.0816412,140.0800947,334.577880479192,-151.717334001776,0.95874056503329,0,0,0.208342169524065,0.977816954695468,2,2,0,0,1,-1,334.577880479192,-151.717334001776,336.156224198877,-151.591422509683,42.5409968469538,1.58335801425595
586,36.0816543,140.0801398,338.635278276367,-150.259048672744,0.859386976842076,0,0,0.200239458960004,0.979485400343439,2,2,0,0,1,-1,338.635278276367,-150.259048672744,340.034683104725,-150.374371136854,42.5847084306015,1.40414854782543
587,36.0816676,140.0801817,342.40478975705,-148.778499445293,0.800502878663095,0,0,0.209852822710714,0.977507579132749,2,2,0,0,1,-1,342.40478975705,-148.778499445293,343.91528910019,-149.042161925255,42.8215793967714,1.53333824349569
588,36.0816826,140.0802253,346.32724084289,-147.108707082863,0.713474240644059,0,0,0.226278301436268,0.973885119616791,2,2,0,0,1,-1,346.32724084289,-147.108707082863,347.65312433905,-147.595253313609,42.8598505426793,1.41233646134375
589,36.0816767,140.0802686,350.22270258544,-147.7654920791,0.745257538942102,0,0,-0.22287301763242,0.973913396163165,2,2,0,0,1,-1,350.22270258544,-147.7654920791,351.62113822003,-148.420392372298,43.1778570095601,1.54418801255584
590,36.0816573,140.080307,353.677338406343,-149.925090200416,0.869281574950847,0,0,-0.175087904826407,0.984057191656562,2,2,0,0,1,-1,353.677338406343,-149.925090200416,354.961270326057,-150.687817926718,43.4873955470217,1.49339705334214
591,36.081638,140.0803445,357.051006197377,-152.073556372522,0.875436088191499,0,0,-0.542641590718474,0.839421365619128,2,2,0,0,1,-1,357.051006197377,-152.073556372522,358.401990887732,-152.782345144795,44.0165112307619,1.52562811893106
592,36.0816373,140.0803448,357.077995540667,-152.151480016197,0.869660847126582,0,0,-0.551711504419775,0.833387216272251,2,2,0,0,1,1,357.077995540667,-152.151480016197,358.482161532706,-152.706919934429,44.1832622990526,1.51003166720631
594,36.0816026,140.0803439,356.997027513355,-156.014266346779,1.06114106875465,0,0,-0.598704461273615,0.800242787606002,2,2,0,0,1,-1,356.997027513355,-156.014266346779,358.401551143078,-156.855570612835,44.1120449492494,1.63721699677658
595,36.081566,140.0803431,356.925055932954,-160.088559709967,1.25644547784215,0,0,-0.663944558563278,0.746778666740611,2,2,0,0,1,-1,356.925055932954,-160.088559709967,358.087110826165,-160.878953318635,44.2327718894264,1.40538024443852
596,36.0815315,140.0803333,356.043404084545,-163.92908214213,1.48041678816081,0,0,-0.649544332373484,0.759304312917449,2,2,0,0,1,-1,356.043404084545,-163.92908214213,357.171435895479,-164.874298576466,44.1844919129579,1.47169625745804
597,36.0814949,140.0803344,356.142365005679,-168.003375505318,1.70396548502366,0,0,-0.66216703307749,0.748409704843241,2,2,0,0,1,-1,356.142365005679,-168.003375505318,357.12399112425,-168.996856879378,44.2877473953966,1.39663705996339
598,36.0814567,140.080331,355.83648579281,-172.255780053484,1.93646892421075,0,0,-0.792975736047737,0.608065259199302,2,2,0,0,1,-1,355.83648579281,-172.255780053484,356.672865356472,-173.068674756983,44.5591858056235,1.16633124518224
599,36.0814211,140.0803256,355.350677628937,-176.218753925369,2.17044195881705,0,0,-0.791147676348004,0.610187511271592,2,2,0,0,1,-1,355.350677628937,-176.218753925369,356.213348284992,-177.172259398095,44.6115134682282,1.28583566109221
600,36.0813841,140.0803212,354.954833941844,-180.337575084604,2.39254010178065,0,0,-0.642583117302134,0.765026919599504,2,2,0,0,1,-1,354.954833941844,-180.337575084604,355.593467703563,-181.124878698291,44.8172065857947,1.01375542500772
601,36.0813454,140.0803185,354.711929862465,-184.645639378817,2.60154419820532,0,0,-0.678627349703013,0.733530900685423,2,2,0,0,1,-1,354.711929862465,-184.645639378817,355.176812959775,-185.315094159118,45.034128890425,0.815037420633656
602,36.0813087,140.0803223,355.053794865535,-188.731064690423,2.86522333783764,0,0,-0.770569618989811,0.636004674522093,2,2,0,0,1,-1,355.053794865535,-188.731064690423,355.362619429051,-189.349758313135,45.2507545297797,0.691487100251889
603,36.081271,140.0803184,354.702933412997,-192.927809493333,3.10144114271365,0,0,-0.665812521580912,0.744911677013561,2,2,0,0,1,-1,354.702933412997,-192.927809493333,354.819431024877,-193.33103875021,45.5258874853882,0.41972077286584
604,36.0812593,140.0803155,354.442036437239,-194.230247535806,3.16758198817555,0,0,-0.821572626752537,0.568717431923401,2,2,0,0,1,1,354.442036437239,-194.230247535806,354.790318769828,-194.576728711917,45.744008858495,0.491273639220115
606,36.0812354,140.0803077,353.740313537277,-196.890783366009,3.36175302933795,0,0,-0.769652724984375,0.636811535761905,2,2,0,0,1,-1,353.740313537277,-196.890783366009,353.934893068001,-197.348028911522,45.6469083871406,0.496925228448239
607,36.0811964,140.0803166,354.54099736093,-201.232243507059,3.58051491167931,0,0,-0.639628229206662,0.767489950900584,2,2,0,0,1,-1,354.54099736093,-201.232243507059,354.626038554024,-201.368623119479,46.1794687393124,0.160721508227539
608,36.0811629,140.080333,356.016414741256,-204.96144644871,3.8184920228644,0,0,-0.65711105852185,0.752524950092829,2,2,0,0,1,-1,356.016414741256,-204.96144644871,355.930608748031,-205.180982280212,46.3723235543265,0.235708824159408
609,36.0811309,140.080356,358.085597653499,-208.523670153801,4.01296504723117,0,0,-0.440335888720143,0.896996108054295,2,2,0,0,1,-1,358.085597653499,-208.523670153801,357.980230280557,-208.684100671938,46.8166975716678,0.191938100517703
610,36.0811031,140.0803832,360.532631359013,-211.618351997635,4.2033157693768,0,0,-0.334597724740096,0.941418842058817,2,2,0,0,1,-1,360.532631359013,-211.618351997635,360.682438542637,-211.787693043688,47.3680764348033,0.226094188655743
611,36.0810775,140.0804168,363.555437700066,-214.468130962024,4.34705828884086,0,0,-0.387125580103552,0.921245989007426,2,2,0,0,1,-1,363.555437700066,-214.468130962024,363.565073084035,-214.610694515326,47.7719390049436,0.142888793662001
612,36.0810537,140.0804516,366.686201411721,-217.117534843017,4.47177676786022,0,0,-0.344558905770209,0.937969940248375,2,2,0,0,1,-1,366.686201411721,-217.117534843017,366.678274411598,-217.214744892577,48.2585688889628,0.097532717927645
613,36.0810298,140.0804847,369.664025515662,-219.77807067322,4.58816862416629,0,0,-0.307855289194262,0.950544531812382,2,2,0,0,1,-1,369.664025515662,-219.77807067322,369.74767754412,-219.824636128069,48.7964468909825,0.095739247179441
614,36.081001,140.0805127,372.18303079902,-222.984072007565,4.80047819431018,0,0,-0.635872527954899,0.770422192368027,2,2,0,0,1,-1,372.18303079902,-222.984072007565,372.195362376169,-223.015070316064,49.2012780172415,0.033361098973888
615,36.081001,140.0805127,372.18303079902,-222.984072007565,4.80606085823523,0,0,-0.629807555890571,0.775463677559225,2,2,0,0,1,1,372.18303079902,-222.984072007565,372.190356310041,-223.069185004602,49.153718926935,0.08542766165734
616,36.0809915,140.0805238,373.181636464941,-224.041607170595,4.89097953777951,0,0,-0.163144339279499,0.985753420352406,2,2,0,0,1,-1,373.181636464941,-224.041607170595,373.080516577326,-224.11861336348,49.2583126988822,0.127103050372479
617,36.0809695,140.0805611,376.537311362154,-226.490635967401,5.00722337436488,0,0,-0.335466082766769,0.941213425123495,2,2,0,0,1,-1,376.537311362154,-226.490635967401,376.442166717545,-226.378850722284,49.8872309408501,0.146793884148898
618,36.0809454,140.0805933,379.434167441339,-229.173435696022,5.16783204581149,0,0,-0.296537608376709,0.954266305767108,2,2,0,0,1,-1,379.434167441339,-229.173435696022,379.467732888622,-229.028717329711,50.4252368242167,0.148559903066371
619,36.0809238,140.0806271,382.474966676214,-231.577936696781,5.2727929011612,0,0,-0.380944458725365,0.923585977242846,2,2,0,0,1,-1,382.474966676214,-231.577936696781,382.583613361192,-231.628557538122,50.7430030172198,0.119860634633554
620,36.0808915,140.0806506,384.589131825569,-235.173556249501,5.50809144691525,0,0,-0.491530162454876,0.869887499414847,2,2,0,0,1,-1,384.589131825569,-235.173556249501,384.607977007389,-235.119038234118,51.1956352704361,0.057683228751585
621,36.0808606,140.0806708,386.406414211522,-238.613328514871,5.70622087235039,0,0,-0.447690545655884,0.893350601199379,2,2,0,0,1,-1,386.406414211522,-238.613328514871,386.672640853908,-238.66231181278,51.6329722924523,0.270695379698123
622,36.0808255,140.0806835,387.548963035688,-242.520642642291,5.93223609152182,0,0,-0.538395161419473,0.841784868195939,2,2,0,0,1,-1,387.548963035688,-242.520642642291,387.783872952582,-242.731272488826,51.8288634985082,0.315511650032699
623,36.0807898,140.0807012,389.141334233527,-246.494748463385,6.12061397316752,0,0,-0.552034154033724,0.833007258409319,2,2,0,0,1,-1,389.141334233527,-246.494748463385,389.225826267258,-246.604189649407,52.2175837284219,0.138261625050994
624,36.0807542,140.080706,389.57316371082,-250.45772233527,6.35087500833312,0,0,-0.474682329927597,0.879187121256657,2,2,0,0,1,-1,389.57316371082,-250.45772233527,389.72115736963,-250.611289229033,52.5034880165201,0.213271924800414
625,36.0807479,140.0807116,390.076964768515,-251.159035127554,6.37400490064045,0,0,-0.368127131872853,0.928795933203651,2,2,0,0,1,1,390.076964768515,-251.159035127554,390.150639867226,-251.112132830956,52.7127466219289,0.087337538299546
627,36.0807401,140.0807224,391.048581091146,-252.027327155605,6.4073644527719,0,0,0.052777127418117,0.998336892542141,2,2,0,0,1,-1,391.048581091146,-252.027327155605,391.214965844705,-251.881454207845,52.9933574462871,0.221275401039572
628,36.0807486,140.0807654,394.917053492964,-251.081111483879,6.33699545446963,0,0,0.103662637214789,0.994294579012987,2,2,0,0,1,-1,394.917053492964,-251.081111483879,395.203899845702,-250.997583366379,53.3247561964492,0.298760399805921
629,36.080756,140.0808105,398.974451290138,-250.257347251874,6.25656877083567,0,0,0.246689795057793,0.968771862128327,2,2,0,0,1,-1,398.974451290138,-250.257347251874,399.219652530336,-250.168875145123,53.6427396393422,0.260674052923069
630,36.0807651,140.0808534,402.833927245045,-249.244339885681,6.18683571231785,0,0,0.189167479230453,0.981588360408406,2,2,0,0,1,-1,402.833927245045,-249.244339885681,403.218934842626,-249.316220373346,53.9024805574008,0.391660126515449
631,36.0807796,140.0808936,406.450499118015,-247.630207269299,6.09591660464577,0,0,0.396066533500454,0.917917495552182,2,2,0,0,1,-1,406.450499118015,-247.630207269299,406.885808115134,-247.519488330737,54.3323379875502,0.44916879491907
632,36.0807972,140.0809308,409.797177568316,-245.67098423138,5.95828634507873,0,0,0.165436260886506,0.985832272083281,2,2,0,0,1,-1,409.797177568316,-245.67098423138,410.423984385832,-245.623576259708,54.5968538091408,0.62859709056132
633,36.0808074,140.080974,413.683642863956,-244.535525425466,6.00260982554354,0,0,0.309553809261637,0.950370569764105,2,2,0,0,1,-1,413.683642863956,-244.535525425466,414.265474534682,-244.330712966438,55.0114847974403,0.616827558101878
634,36.0808205,140.081017,417.552115265773,-243.077240095643,6.01470258561889,0,0,0.173839843059533,0.984518668780305,2,2,0,0,1,-1,417.552115265773,-243.077240095643,418.036606783246,-242.904441074941,55.2230871314014,0.514384614912875
635,36.080837,140.0810578,421.222665822766,-241.240468498237,6.03568111794666,0,0,0.148862558073597,0.98831309228888,2,2,0,0,1,-1,421.222665822766,-241.240468498237,421.62075683397,-241.031827237129,55.4597929714268,0.449452588198217
636,36.0808556,140.0810978,424.821244799357,-239.169925969014,6.11705768272264,0,0,0.313341036520211,0.949078478990224,2,2,0,0,1,-1,424.821244799357,-239.169925969014,425.187726583777,-238.983652667221,55.6612501152838,0.411104173261011
637,36.0808786,140.0811351,428.176919696569,-236.609577680906,6.1241338310258,0,0,0.493044109056226,0.869725724231244,2,2,0,0,1,-1,428.176919696569,-236.609577680906,428.33945886351,-236.455643055295,55.7142229989164,0.223863462296749
638,36.0808998,140.0811734,431.622559068004,-234.249604476193,6.18355732877682,0,0,0.526799209316013,0.849657050936971,2,2,0,0,1,-1,431.622559068004,-234.249604476193,431.613753090738,-234.04778435686,55.8787100963491,0.202012142712073
639,36.0809251,140.0812037,434.348482645656,-231.433221358641,6.21417133827994,0,0,0.467503492115026,0.883708539786879,2,2,0,0,1,-1,434.348482645656,-231.433221358641,434.232510686236,-230.990700120404,56.1514474467501,0.457465344766348
640,36.0809301,140.0812089,434.816297913149,-230.876623905289,6.21935873846147,0,0,0.460313312517572,0.88756434327059,2,2,0,0,1,1,434.816297913149,-230.876623905289,434.629941760378,-230.49874919396,56.0775207156434,0.421328747105388
642,36.0809445,140.0812431,437.893082938225,-229.273623237325,6.26188364064984,0,0,0.398931230669625,0.916790332931522,2,2,0,0,1,-1,437.893082938225,-229.273623237325,437.658004660738,-228.782294532417,56.3765630379618,0.544670260628209
643,36.08097,140.0812751,440.771946121032,-226.434976222145,6.24155360284623,0,0,0.387410695538763,0.921649858447036,2,2,0,0,1,-1,440.771946121032,-226.434976222145,440.52685069064,-225.946143288383,56.5145454342023,0.546835813686026
644,36.0809971,140.0813072,443.65980575075,-223.418218021987,6.16780165840656,0,0,0.37823341112997,0.925452302819727,2,2,0,0,1,-1,443.65980575075,-223.418218021987,443.332604004528,-222.936617400941,56.6083554573457,0.582237186139037
645,36.0810242,140.0813378,446.412718669134,-220.401459821038,6.14428833298059,0,0,0.493296895064104,0.869745144298516,2,2,0,0,1,-1,446.412718669134,-220.401459821038,446.056861349309,-219.980249094728,56.6725192729611,0.551409927396419
646,36.0810496,140.0813701,449.318571192674,-217.573944755067,6.09121698003591,0,0,0.319897300177077,0.947243483400448,2,2,0,0,1,-1,449.318571192674,-217.573944755067,448.888438420453,-217.15079404224,56.7979211163453,0.603382737161389
647,36.08106,140.0813873,450.865960153401,-216.416222050734,6.08018234880435,0,0,0.399528730862315,0.916544033191144,2,2,0,0,1,1,450.865960153401,-216.416222050734,450.403042487847,-215.966252903531,56.9090731898431,0.645573387398178
650,36.0810703,140.0814088,452.80019635431,-215.269631295611,6.0483230809601,0,0,0.375130129880927,0.926793184538648,2,2,0,0,1,-1,452.80019635431,-215.269631295611,452.209336901291,-214.815154926585,56.9972297541154,0.745428509801629
651,36.0810991,140.081435,455.157265585601,-212.063629961265,5.9368183296184,0,0,0.471532531924525,0.881763356630947,2,2,0,0,1,-1,455.157265585601,-212.063629961265,454.499372974823,-211.450556044587,57.1998860897907,0.899267654609441
652,36.0811276,140.0814618,457.568313500915,-208.891024473757,5.82127102321943,0,0,0.311333140376959,0.950068580253856,2,2,0,0,1,-1,457.568313500915,-208.891024473757,456.878880293671,-208.174590156708,57.3821394858538,0.99428178998506
653,36.0811519,140.0814957,460.618109185257,-206.185960846717,5.71813287515411,0,0,0.444636157847573,0.895138046217856,2,2,0,0,1,-1,460.618109185257,-206.185960846717,459.885674734627,-205.468253013552,57.5599062410506,1.02545831619641
654,36.0811704,140.0815342,464.081741450514,-204.126550267495,5.67709348256036,0,0,0.456100236953406,0.88982270882183,2,2,0,0,1,-1,464.081741450514,-204.126550267495,463.305291522996,-203.330044034185,57.8821435230726,1.11233837911171
655,36.0811933,140.0815709,467.383437663704,-201.577333928596,5.56239264850509,0,0,0.467868620072494,0.883611401480093,2,2,0,0,1,-1,467.383437663704,-201.577333928596,466.496034940374,-200.787995670722,58.0633131247633,1.18766092750275
656,36.0812231,140.0815955,469.596563734193,-198.260013102947,5.4181469122204,0,0,0.444707866262738,0.895604890983208,2,2,0,0,1,-1,469.596563734193,-198.260013102947,468.684741106706,-197.414544260732,58.1958367138823,1.24347821338113
657,36.0812525,140.0816261,472.349476652576,-194.987220073346,5.27366343746263,0,0,0.486782068061846,0.873318497312999,2,2,0,0,1,-1,472.349476652576,-194.987220073346,471.21233787685,-194.262306482878,58.1474388299166,1.34854896422187
658,36.0812796,140.0816538,474.841492595202,-191.970461873188,5.13015233049823,0,0,0.483973960131194,0.874828373705175,2,2,0,0,1,1,474.841492595202,-191.970461873188,473.543545682763,-191.308751604345,58.166511095557,1.45688938063295
660,36.0812805,140.0816546,474.913464175603,-191.870274331094,5.09429972126132,0,0,0.605984423138588,0.795336045755311,2,2,0,0,1,-1,474.913464175603,-191.870274331094,473.704403649545,-191.054587681786,58.3469221235505,1.4584827957614
661,36.0812879,140.081654,474.859485489024,-191.046510099089,5.07273977748298,0,0,0.934218826630784,0.355783697672923,2,2,0,0,1,-1,474.859485489024,-191.046510099089,473.47232430241,-190.464848346084,58.0225007691031,1.50417637016276
662,36.0813059,140.0816176,471.584778619124,-189.042759265123,4.97293704885858,0,0,0.98762994778907,0.153928626849639,2,2,0,0,1,-1,471.584778619124,-189.042759265123,469.950321454683,-188.532470615016,57.4310125192157,1.71226304311616
663,36.0813077,140.081611,470.991013087206,-188.842384181726,4.96561282482087,0,0,0.99926796326637,-0.013981324056205,2,2,0,0,1,-1,470.991013087206,-188.842384181726,469.361896344711,-188.401866028578,57.2980463345483,1.68762484099187
664,36.0813074,140.0815996,469.965418080553,-188.875780028564,4.99010382011559,0,0,0.999350609667633,0.012828585131096,2,2,0,0,1,-1,469.965418080553,-188.875780028564,468.411070395274,-188.535636526797,57.1280008999132,1.59112989052596
665,36.0813118,140.0815838,468.543979384249,-188.385974268886,4.94370548194762,0,0,0.999239500456125,-0.004791848861455,2,2,0,0,1,-1,468.543979384249,-188.385974268886,466.777588906194,-187.958009465796,56.9535579216253,1.81749530773717
666,36.0813119,140.0815699,467.293473189481,-188.374842320468,4.93864052050578,0,0,0.999311117927356,0.011275691868088,2,2,0,0,1,-1,467.293473189481,-188.374842320468,465.717485816043,-187.990221904169,56.8561315125206,1.62224198745689
667,36.0813144,140.0815554,465.988988308133,-188.096543593396,4.92936859268962,0,0,0.998984290025709,-0.000685127471339,2,2,0,0,1,-1,465.988988308133,-188.096543593396,464.362425571856,-187.681443495225,56.7140931694807,1.67869426237987
668,36.0813143,140.0815241,463.173100258816,-188.107675542606,4.90007498682698,0,0,0.999503516050892,0.005303709813465,2,2,0,0,1,-1,463.173100258816,-188.107675542606,461.465542549314,-187.690450203766,56.3845327336701,1.75779131715054
669,36.0813153,140.0815146,462.31843775114,-187.996356051302,4.8947419788649,0,0,0.999147862261761,-0.01617597902341,2,2,0,0,1,-1,462.31843775114,-187.996356051302,460.711015615321,-187.612339445338,56.2990480466509,1.65265685379016
670,36.0813157,140.0814976,460.789041686792,-187.951828255256,4.86607676628508,0,0,0.999419109116537,0.001242751079814,2,2,0,0,1,-1,460.789041686792,-187.951828255256,459.095418973087,-187.635626230375,56.0379738924996,1.7228875810446
671,36.08132,140.081474,458.66588008797,-187.473154444788,4.85009454066482,0,0,0.999148031223955,-0.003896371442593,2,2,0,0,1,-1,458.66588008797,-187.473154444788,456.819884925808,-187.218954109661,55.6753043127497,1.86341513064162
672,36.0813213,140.0814432,455.894974275764,-187.328439106647,4.83895922046041,0,0,0.999109638052964,0.006574344950622,2,2,0,0,1,-1,455.894974275764,-187.328439106647,454.139618560126,-187.088508071771,55.3985589399985,1.77167733798224
673,36.0813278,140.0814054,452.49431714144,-186.604862416736,4.77133125496093,0,0,0.999259261442998,-0.009769076754804,2,2,0,0,1,-1,452.49431714144,-186.604862416736,450.500640743895,-186.415295294666,54.8663193810387,2.00266853770101
674,36.0813282,140.0813834,450.51509870342,-186.560334619898,4.81366543029304,0,0,0.999488454361009,0.002670731969422,2,2,0,0,1,-1,450.51509870342,-186.560334619898,448.555981751625,-186.454362111667,54.5916945921967,1.96198098953843
675,36.081331,140.0813642,448.787780794247,-186.248640045989,4.7900716929174,0,0,0.999366086856955,-0.004362353451759,2,2,0,0,1,-1,448.787780794247,-186.248640045989,446.843704446665,-186.228724450158,54.3232597040056,1.94417835503431
676,36.0813307,140.0813447,447.033473541784,-186.282035893618,4.75169736351033,0,0,0.999273707209351,0.002691730562852,2,2,0,0,1,-1,447.033473541784,-186.282035893618,445.349385384723,-186.220842596267,54.2824122574003,1.6851995550662
677,36.0813318,140.0813374,446.376732878934,-186.159584453105,4.78827319999013,0,0,0.999420566569722,-0.007887058113924,2,2,0,0,1,-1,446.376732878934,-186.159584453105,444.528552195919,-186.206461011504,54.0420329624607,1.84877506711745
678,36.0813324,140.081311,444.001670753821,-186.092792758639,4.77318765127083,0,0,0.999115184046066,0.010062679441333,2,2,0,0,1,-1,444.001670753821,-186.092792758639,442.178343863584,-186.199891720856,53.7430041730943,1.82646958265657
679,36.0813342,140.0812987,442.895107717298,-185.892417675243,4.76200163278911,0,0,0.998933060149382,-0.002615154008822,2,2,0,0,1,-1,442.895107717298,-185.892417675243,440.959792947615,-186.01227978092,53.5600227849031,1.93902299680273
680,36.0813355,140.0812746,440.726963883921,-185.747702337102,4.79043754885367,0,0,0.998937538020611,0.035524748517009,2,2,0,0,1,-1,440.726963883921,-185.747702337102,438.891544499515,-185.952659209552,53.2882054833525,1.84682745166338
681,36.0813389,140.0812604,439.449468345863,-185.369216068728,4.76462403553003,0,0,0.998660410707092,-0.023870940007434,2,2,0,0,1,-1,439.449468345863,-185.369216068728,437.555448133257,-185.698986937648,52.9996826372231,1.92251434110287
682,36.081338,140.0812388,437.506235698043,-185.469403610822,4.76964895393529,0,0,0.998993849131161,0.018206003271867,2,2,0,0,1,-1,437.506235698043,-185.469403610822,435.697458626775,-185.726205577846,52.9001254143918,1.82691591043842
683,36.0813397,140.0812291,436.633580296546,-185.280160475844,4.75962181118528,0,0,0.999283063293174,-0.005383582015757,2,2,0,0,1,-1,436.633580296546,-185.280160475844,434.797185537876,-185.662010978381,52.6749197753926,1.87567468286985
684,36.0813403,140.081217,435.545010153844,-185.213368781378,4.77036264071974,0,0,0.999419932119197,0.013997328491863,2,2,0,0,1,-1,435.545010153844,-185.213368781378,433.709562087371,-185.593309650728,52.559311336757,1.87435980241921
685,36.0813454,140.081196,433.655756192604,-184.645639378817,4.70241933103917,0,0,0.999358149493687,-0.001301500283353,2,2,0,0,1,-1,433.655756192604,-184.645639378817,431.837468683387,-185.284936236178,52.1079620367927,1.92739978676181
686,36.0813464,140.0811814,432.342274864346,-184.534319887513,4.73887260963477,0,0,0.999433381887696,0.002706409231959,2,2,0,0,1,-1,432.342274864346,-184.534319887513,430.633445667938,-185.056630575054,52.1169810001798,1.78687035814444
687,36.0813476,140.0811717,431.469619462848,-184.400736498582,4.74631772990839,0,0,0.999458920470913,-0.004164530620593,2,2,0,0,1,-1,431.469619462848,-184.400736498582,429.713975802267,-185.075936714033,51.8610352558557,1.88100504887212
688,36.0813511,140.0811276,427.502186139897,-184.011118280999,4.78588473731581,0,0,0.998834279375738,-0.029714566402003,2,2,0,0,1,-1,427.502186139897,-184.011118280999,425.665064332441,-184.839487880178,51.2534634635771,2.01524507896037
689,36.0813582,140.0810821,423.408802552522,-183.220749896622,4.78635859485261,0,0,0.990533188094502,-0.131431687364921,2,2,0,0,1,-1,423.408802552522,-183.220749896622,421.580375559827,-185.015856771345,49.9200519118567,2.56233369397796
690,36.0813595,140.0810704,422.356218200021,-183.076034558481,4.802341539405,0,0,0.999181126414191,0.019105142590238,2,2,0,0,1,-1,422.356218200021,-183.076034558481,420.391437281923,-185.115635661373,49.5239841041461,2.83201990018407
691,36.0813677,140.0810505,420.565925159915,-182.163214733592,4.76531908122843,0,0,0.999287634105151,-0.006673256901067,2,2,0,0,1,-1,420.565925159915,-182.163214733592,418.574547049561,-184.759508886937,48.7840371626415,3.27205288910422
692,36.081371,140.0810408,419.693269755861,-181.795860414427,4.77841476690407,0,0,0.999247945316899,0.016249785222828,2,2,0,0,1,-1,419.693269755861,-181.795860414427,417.894186315388,-184.734394160087,48.4541083967599,3.44553069935055
693,36.0813723,140.0810388,419.513340807414,-181.651145076286,4.77561332628924,0,0,0.998756287254733,0.035393848155303,2,2,0,0,1,-1,419.513340807414,-181.651145076286,417.858707291291,-184.758994472004,48.3416207957994,3.52087204242711
695,36.0813938,140.0810032,416.310605517916,-179.257776023946,4.65246322675176,0,0,0.857006465357573,0.514651005327882,2,2,0,0,1,-1,416.310605517916,-179.257776023946,414.782481745764,-183.215494481168,47.198521163427,4.2424872008821
696,36.0813938,140.0810032,416.310605517916,-179.257776023946,4.6574388262339,0,0,0.857535268436713,0.513781843371608,2,2,0,0,1,-1,416.310605517916,-179.257776023946,414.757631039714,-183.221216390494,47.1821328210612,4.2568285458926
697,36.0814221,140.0810042,416.400569992139,-176.107434434857,4.38352165739305,0,0,0.81223545986471,0.582968902386631,2,2,0,0,1,-1,416.400569992139,-176.107434434857,414.923296158672,-179.153742235879,47.9037753931657,3.38560617875345
698,36.0814518,140.0810024,416.238633937514,-172.801245558418,4.10959354572033,0,0,0.69342885932496,0.720080679708159,2,2,0,0,1,-1,416.238633937514,-172.801245558418,415.210699513453,-175.094393276693,48.6155290096763,2.51300132073163
699,36.0814848,140.0810076,416.706449205008,-169.127702362023,3.83820952224437,0,0,0.714375765542738,0.699225313547196,2,2,0,0,1,-1,416.706449205008,-169.127702362023,415.571631284448,-170.992387951705,48.8478255472356,2.18285685769597
700,36.08152,140.0810124,417.138278682302,-165.209256286185,3.59565439464154,0,0,0.648685325404935,0.760742066725733,2,2,0,0,1,-1,417.138278682302,-165.209256286185,415.972993976091,-166.882918873959,48.8911318562033,2.03937120315118
701,36.0815553,140.0810194,417.76803000442,-161.279678261137,3.28914397096862,0,0,0.702573192008711,0.711308966623132,2,2,0,0,1,-1,417.76803000442,-161.279678261137,416.489954572765,-162.833081579289,48.8630129447371,2.01160102352492
702,36.0815894,140.0810232,418.10989500749,-157.483683625021,2.94825977792436,0,0,0.613992665502674,0.788866390751176,2,2,0,0,1,-1,418.10989500749,-157.483683625021,416.86361718281,-158.713165951835,49.06060122423,1.75066707521354
703,36.0816231,140.0810251,418.280827509025,-153.732216784951,2.72217216924116,0,0,0.716239612320282,0.697446152210593,2,2,0,0,1,-1,418.280827509025,-153.732216784951,416.895883839769,-154.677830253261,49.1448219942458,1.67697757840209
704,36.0816309,140.081026,418.36179553378,-152.863924756899,2.67172185883873,0,0,0.705614525633702,0.708206363713378,2,2,0,0,1,-1,418.36179553378,-152.863924756899,416.95413719197,-153.93608701526,48.9955948124848,1.76947277897159
706,36.0816294,140.0810264,418.397781323981,-153.030903993458,2.67721148866245,0,0,0.265317953849178,0.963670816208275,2,2,0,0,1,-1,418.397781323981,-153.030903993458,416.784994425808,-154.221684224767,48.8182023880264,2.00475413410091
707,36.0816289,140.0810265,418.406777773449,-153.086563738714,2.65429920321688,0,0,-0.279216638857628,0.959291944250066,2,2,0,0,1,-1,418.406777773449,-153.086563738714,416.841623305114,-154.023589128838,49.0742152017577,1.82420533150303
708,36.0816111,140.0810276,418.505738694583,-155.068050675052,2.79020378911799,0,0,-0.722281673500409,0.689875905969564,2,2,0,0,1,-1,418.505738694583,-155.068050675052,417.10026705035,-155.923036301521,49.2946514072803,1.64509907428341
709,36.0815754,140.0810224,418.037923427089,-159.042156496147,3.07448462830452,0,0,-0.865644635458303,0.4984856563294,2,2,0,0,1,-1,418.037923427089,-159.042156496147,416.499479646695,-159.883946469799,49.3553911734994,1.75368743656698
710,36.0815655,140.0810161,417.471147238461,-160.144219455223,3.16290693878626,0,0,-0.448557858382386,0.892336014546039,2,2,0,0,1,-1,417.471147238461,-160.144219455223,416.623453400615,-160.360595595547,50.1841427992878,0.87487340616984
711,36.081562,140.0810206,417.875987372465,-160.533837672807,3.19349711380165,0,0,-0.258945212714969,0.965117129991598,2,2,0,0,1,1,417.875987372465,-160.533837672807,416.383344212619,-160.872902551282,49.8759063211217,1.53066932890429
712,36.0815276,140.0810177,417.615090396706,-164.363228155761,3.40353652720121,0,0,-0.77223849365627,0.633564451140723,2,2,0,0,1,-1,417.615090396706,-164.363228155761,416.557632018747,-164.386932907048,50.4583299945113,1.05772403600822
713,36.0814941,140.0810094,416.868385259633,-168.092431097412,3.68421779389817,0,0,-0.7030117647191,0.709677654199713,2,2,0,0,1,-1,416.868385259633,-168.092431097412,415.783907347055,-168.422198996818,50.2379760568074,1.13350748138165
714,36.0814559,140.0810012,416.13067656947,-172.344835645578,3.93734533997319,0,0,-0.699022919324227,0.713548795035243,2,2,0,0,1,-1,416.13067656947,-172.344835645578,415.181710292691,-172.467707034867,50.5797031879795,0.956887857990008
715,36.0814179,140.080999,415.932754724645,-176.574976296116,4.21439897964709,0,0,-0.830602988843105,0.555543959405381,2,2,0,0,1,-1,415.932754724645,-176.574976296116,414.809943742756,-176.48366803136,50.8571517137433,1.12651750996735
716,36.081382,140.0809839,414.574291161832,-180.571346015629,4.51648559205385,0,0,-0.942129397124212,0.331966490883885,2,2,0,0,1,-1,414.574291161832,-180.571346015629,413.26119463188,-180.17988126362,51.0741565666042,1.37020697306478
717,36.0813802,140.0809804,414.259415499494,-180.771721099025,4.47201415008811,0,0,-0.91821207193101,0.393897698257131,2,2,0,0,1,-1,414.259415499494,-180.771721099025,413.294417224248,-180.463828017232,51.1240662330221,1.0129263650655
718,36.0813616,140.0809724,413.53969970571,-182.842263627457,4.61724167171234,0,0,-0.650256658482386,0.758301259840282,2,2,0,0,1,-1,413.53969970571,-182.842263627457,412.831064605788,-182.734593227042,51.0722533345745,0.716768177283989
719,36.0813527,140.0809759,413.854575365491,-183.833007096021,4.6922970376077,0,0,-0.512703816878717,0.857583995667731,2,2,0,0,1,1,413.854575365491,-183.833007096021,413.119336924994,-183.647900986051,51.2067907464056,0.75818192825469
722,36.0813221,140.0809715,413.458731678398,-187.239383513763,4.91652628652222,0,0,-0.708831965938728,0.704593443235483,2,2,0,0,1,-1,413.458731678398,-187.239383513763,412.901605404772,-186.853226619109,51.5784094183439,0.677869332580023
723,36.0812869,140.0809615,412.559086933611,-191.157829590392,4.97126070307144,0,0,-0.687256771237612,0.726386145125464,2,2,0,0,1,-1,412.559086933611,-191.157829590392,411.988414120122,-190.774833983757,51.6558924238493,0.687279488095546
724,36.0812524,140.0809554,412.010303638805,-194.998352022555,4.88966975864105,0,0,-0.83224966746203,0.55432972262099,2,2,0,0,1,-1,412.010303638805,-194.998352022555,411.485471550898,-194.760774048669,51.6716109693393,0.576100697944579
725,36.0812245,140.0809322,409.92312783274,-198.104165815598,4.86132070918597,0,0,-0.844813420675005,0.533127348070461,2,2,0,0,1,1,409.92312783274,-198.104165815598,409.561006945898,-197.880518849482,51.6707283062484,0.425616614031966
727,36.081223,140.0809278,409.52728414309,-198.271145051366,4.83597335992452,0,0,-0.980799468196778,0.190942722962168,2,2,0,0,1,-1,409.52728414309,-198.271145051366,409.19577961808,-198.058581132315,51.6431940681333,0.393800291752699
728,36.0812225,140.0809218,408.987497297752,-198.326804797413,4.77832945131624,0,0,-0.998925061619701,-0.001053593035594,2,2,0,0,1,-1,408.987497297752,-198.326804797413,408.642700319957,-198.072384361829,51.6209437218005,0.428502875065322
729,36.0812228,140.0809164,408.501689136436,-198.293408949785,4.75573298138136,0,0,-0.999542272931121,0.004642216997696,2,2,0,0,1,-1,408.501689136436,-198.293408949785,408.045499056145,-197.892521347744,51.6448716406586,0.607305737520859
730,36.081223,140.0809148,408.357745975634,-198.271145051366,4.73186101782147,0,0,-0.999507773545026,-0.00072671157217,2,2,0,0,1,-1,408.357745975634,-198.271145051366,407.842986037626,-197.81937449729,51.64586104635,0.684890084106686
731,36.0812231,140.0809131,408.204806370478,-198.260013102947,4.7304292280463,0,0,-0.999622595931284,0.003859153657375,2,2,0,0,1,-1,408.204806370478,-198.260013102947,407.787043106545,-197.83386856929,51.653327574259,0.596762354926645
732,36.0812224,140.0808865,405.811751348986,-198.337936745831,4.65901853640345,0,0,-0.99907051228505,-0.019178366288273,2,2,0,0,1,-1,405.811751348986,-198.337936745831,405.343801983727,-197.785971078008,51.4981928134768,0.72363160993827
733,36.0812241,140.080876,404.867124367087,-198.148693611644,4.50903270914212,0,0,-0.999366907940706,0.012534008077055,2,2,0,0,1,-1,404.867124367087,-198.148693611644,404.430408657892,-197.562912799073,51.4367737523463,0.730657081697385
734,36.081221,140.0808608,403.499664354806,-198.493784033181,4.46839711531069,0,0,-0.999151764545757,-0.027357408454529,2,2,0,0,1,-1,403.499664354806,-198.493784033181,402.977345335949,-198.008098489586,51.1845152695175,0.713237411187865
735,36.081225,140.0808362,401.286538284318,-198.048506070341,4.35968189896837,0,0,-0.99760457024643,0.009151618986522,2,2,0,0,1,-1,401.286538284318,-198.048506070341,400.075229265,-199.70973450488,48.7242538424645,2.05595463276785
736,36.0812255,140.0808201,399.838110244724,-197.992846325085,4.25639741851833,0,0,-0.998863646900488,-0.00721055642382,2,2,0,0,1,-1,399.838110244724,-197.992846325085,398.454127297224,-199.878623335981,48.2935110784933,2.33913739096153
737,36.0812289,140.0808064,398.605596946335,-197.61436005592,4.11773395515304,0,0,-0.999040818825496,0.012661479374412,2,2,0,0,1,-1,398.605596946335,-197.61436005592,397.549375061144,-198.822023377922,48.9008158901322,1.60438629078709
738,36.0812299,140.0807833,396.527417587181,-197.503040565408,3.89653806604041,0,0,-0.999274147737876,-0.011162060048469,2,2,0,0,1,-1,396.527417587181,-197.503040565408,395.92894141965,-198.307836916726,49.2594028377252,1.00293114928033
739,36.0812327,140.0807548,393.963430064154,-197.191345990708,3.45744200117933,0,0,-0.997783875923136,0.000464734550535,2,2,0,0,1,-1,393.963430064154,-197.191345990708,393.35186717913,-198.588447593928,48.462987603067,1.52509083403553
740,36.081233,140.0807523,393.738518878596,-197.157950143871,3.40915914683226,0,0,-0.997831991514442,-0.005701553533746,2,2,0,0,1,-1,393.738518878596,-197.157950143871,392.997797685117,-198.558431324859,48.3710355842348,1.584302819783
741,36.0812337,140.0807402,392.649948735896,-197.080026500196,3.39426290608957,0,0,-0.998757693862413,0.001011026352255,2,2,0,0,1,-1,392.649948735896,-197.080026500196,391.893550573151,-198.134544051039,48.5489577838071,1.29774629478908
742,36.081234,140.0807377,392.425037550338,-197.046630653359,3.40024853875402,0,0,-0.999150479686815,-0.001184957428409,2,2,0,0,1,-1,392.425037550338,-197.046630653359,391.652083865034,-198.023137626789,48.5839662658876,1.24540084662838
743,36.0812351,140.080723,391.102559777725,-196.924179212846,3.38433394198337,0,0,-0.999150472330936,-0.000269940347159,2,2,0,0,1,-1,391.102559777725,-196.924179212846,390.516414648183,-197.720818375053,48.6924118266019,0.989039972724736
744,36.0812358,140.0807089,389.834060686578,-196.846255569171,3.33211553642381,0,0,-0.999065293473775,-0.001268563457191,2,2,0,0,1,-1,389.834060686578,-196.846255569171,389.03095268261,-197.936740790029,48.1969301860013,1.35430442772186
745,36.0812392,140.080686,387.773874221246,-196.467769300797,3.28661382684533,0,0,-0.998602287666748,0.011999416181907,2,2,0,0,1,-1,387.773874221246,-196.467769300797,386.869997340824,-197.764386117109,47.7398758151817,1.58057223286571
746,36.0812375,140.0806628,385.686698415181,-196.657012434984,3.45826835479768,0,0,-0.998677232190709,-0.017328208719657,2,2,0,0,1,-1,385.686698415181,-196.657012434984,384.825334375885,-197.860671211757,47.6399248969567,1.48011569111838
747,36.0812438,140.0806418,383.797444451384,-195.955699643491,3.41378149382496,0,0,-0.999147385840018,0.004110211252853,2,2,0,0,1,-1,383.797444451384,-195.955699643491,382.938412075125,-197.021056370619,47.5336084691966,1.36854725146672
748,36.0812432,140.0806332,383.02374997102,-196.022491337957,3.3910662969303,0,0,-0.999456361820691,-0.014824028202038,2,2,0,0,1,-1,383.02374997102,-196.022491337957,382.092393547154,-196.983064854989,47.5132085726921,1.33795600447138
749,36.0812458,140.0806248,382.268048384479,-195.733060661676,3.28409975445469,0,0,-0.999383115466306,0.008188296824882,2,2,0,0,1,-1,382.268048384479,-195.733060661676,381.471628106552,-196.238750571993,47.8834427433163,0.94340211176807
750,36.0812436,140.080585,378.687462301709,-195.977963541119,3.12492840220938,0,0,-0.999378908497721,-0.008300959837716,2,2,0,0,1,-1,378.687462301709,-195.977963541119,378.21252073351,-195.887192948872,48.2103787996631,0.48353778923655
751,36.0812461,140.0805685,377.203048474472,-195.699664814048,3.04911830219525,0,0,-0.997695903510662,0.055264777878215,2,2,0,0,1,-1,377.203048474472,-195.699664814048,376.746426372216,-195.869444558092,47.8299502423393,0.4871641466248
752,36.0812455,140.0805591,376.357382413707,-195.766456508513,3.00774893113427,0,0,-0.999265085725077,-0.031006141260086,2,2,0,0,1,-1,376.357382413707,-195.766456508513,376.104031363706,-196.177589301136,47.6434309839611,0.48292538523714
753,36.0812503,140.0805181,372.668838962893,-195.232122952789,3.05538147584176,0,0,-0.999361962290771,-0.002531361075459,2,2,0,0,1,-1,372.668838962893,-195.232122952789,372.168293625538,-195.43690539495,47.295640121265,0.540815572413179
754,36.0812506,140.0805157,372.452924224246,-195.198727105952,3.0646934723074,0,0,-0.999378145845573,0.003131328279768,2,2,0,0,1,-1,372.452924224246,-195.198727105952,371.946125192445,-195.428592988239,47.247347209153,0.556492212411087
755,36.08125,140.0804899,370.131840783156,-195.265518800417,3.10462092022562,0,0,-0.999435242627385,-0.004220882828134,2,2,0,0,1,-1,370.131840783156,-195.265518800417,369.649525608903,-195.616879045003,46.9250323415511,0.59672602489785
756,36.0812501,140.0804851,369.700011305862,-195.254386851208,3.06771924950768,0,0,-0.999315610583195,0.005634674394839,2,2,0,0,1,-1,369.700011305862,-195.254386851208,369.294984847498,-195.541588497033,46.9757144815856,0.496519100679415
757,36.0812503,140.0804734,368.647426953362,-195.232122952789,3.07808948894441,0,0,-0.999419379561251,-0.009221996017326,2,2,0,0,1,-1,368.647426953362,-195.232122952789,368.475984383989,-195.479269570493,47.0234667518963,0.300788971267267
758,36.0812545,140.0804348,365.174798241194,-194.76458109153,3.0868963413817,0,0,-0.999144388733522,0.003329272220158,2,2,0,0,1,-1,365.174798241194,-194.76458109153,364.861922463038,-195.027881678986,46.5634981104143,0.408923528195371
759,36.081253,140.0804064,362.619807165078,-194.93156032809,3.10407252249686,0,0,-0.9992924954782,-0.00311556499211,2,2,0,0,1,-1,362.619807165078,-194.93156032809,362.495693292221,-195.024007375167,46.5606631342495,0.154760169129666
760,36.0812579,140.0803861,360.793528334771,-194.386094823156,3.09659862581589,0,0,-0.999064227178838,0.015780961204863,2,2,0,0,1,-1,360.793528334771,-194.386094823156,360.677523573685,-194.455838722357,46.3724403237855,0.135356256118724
761,36.0812571,140.0803727,359.588004377114,-194.47515041604,3.13925831509483,0,0,-0.99924475988045,-0.010280142756485,2,2,0,0,1,-1,359.588004377114,-194.47515041604,359.400164218361,-194.583554788882,46.1862574748897,0.216876539284018
762,36.0812588,140.0803588,358.337498182346,-194.285907281062,3.13133966224605,0,0,-0.999221331041224,0.000688718113124,2,2,0,0,1,-1,358.337498182346,-194.285907281062,358.344683257114,-194.509204067256,46.0560282379735,0.223412354232847
763,36.0812592,140.0803446,357.060002644288,-194.241379485016,3.15929880852968,0,0,-0.999290986958308,0.000390466667334,2,2,0,0,1,-1,357.060002644288,-194.241379485016,357.27972142031,-194.521165199955,45.9914630688283,0.355747644856082
764,36.0812593,140.0803424,356.86208080202,-194.230247535806,3.15211594331276,0,0,-0.99943693303576,0.001952330037881,2,2,0,0,1,-1,356.86208080202,-194.230247535806,357.207304060806,-194.521550716483,46.0285287724474,0.451704152603393
765,36.0812603,140.0803223,355.053794865535,-194.118928045294,3.14184635332441,0,0,-0.999205940617108,0.017575159653113,2,2,0,0,1,1,355.053794865535,-194.118928045294,356.12186823225,-194.217788461783,46.3965046704847,1.07263884818374
767,36.0812611,140.0803232,355.13476289029,-194.02987245241,3.1517059092615,0,0,-0.850262465031727,0.524596803024485,2,2,0,0,1,-1,355.13476289029,-194.02987245241,355.366536038564,-194.354150360498,45.7576882114319,0.398591211562558
768,36.0812612,140.0803237,355.179745127402,-194.0187405032,3.13688128399764,0,0,-0.420049940664336,0.906647447805434,2,2,0,0,1,-1,355.179745127402,-194.0187405032,355.10199104336,-194.18146680146,45.7336579641207,0.180348400964925
769,36.0812568,140.0803681,359.174167793643,-194.508546262878,3.14997023424692,0,0,0.104064011781211,0.994048689794344,2,2,0,0,1,-1,359.174167793643,-194.508546262878,359.080957646517,-194.758472332654,46.0759171910606,0.266741770034816
770,36.0812556,140.0804133,363.240562040285,-194.642129651809,3.08240262218003,0,0,0.13653880633747,0.990137137417288,2,2,0,0,1,-1,363.240562040285,-194.642129651809,363.174147867549,-194.776474151311,46.6015736272245,0.149864228175539
771,36.0812525,140.0804564,367.118030889014,-194.987220073346,3.07563013045593,0,0,0.205024993637518,0.978500748781066,2,2,0,0,1,-1,367.118030889014,-194.987220073346,367.173568910329,-195.149069088116,47.0479382816442,0.171112756373409
772,36.0812499,140.0805044,371.436325661946,-195.276650749627,3.07828857431072,0,0,-0.003534654803572,0.999543564621576,2,2,0,0,1,-1,371.436325661946,-195.276650749627,371.227045142077,-195.643488998668,47.1836075894597,0.422337112928129
773,36.0812488,140.0805482,375.376769641608,-195.399102189348,3.01411128220427,0,0,0.053404513742879,0.998079443527121,2,2,0,0,1,-1,375.376769641608,-195.399102189348,375.270766626612,-195.573614703141,47.8041981515909,0.204184369280685
774,36.0812456,140.0805909,379.218252702693,-195.755324560095,3.18260725662937,0,0,0.02683574969848,0.998696443331291,2,2,0,0,1,-1,379.218252702693,-195.755324560095,379.208696793044,-196.276980707655,47.9604841941726,0.52174366474001
775,36.0812436,140.0806396,383.599522606559,-195.977963541119,3.34347585487816,0,0,0.062580416670032,0.997811105627172,2,2,0,0,1,-1,383.599522606559,-195.977963541119,383.178057575545,-196.854264972466,47.898397185945,0.97238725359185
776,36.0812421,140.0806839,387.584948825889,-196.144942777678,3.2328335534912,0,0,0.104301703726836,0.994273465382792,2,2,0,0,1,-1,387.584948825889,-196.144942777678,387.229646302082,-197.380784390223,48.0327581161047,1.28590216374371
777,36.081237,140.0807277,391.525392805551,-196.71267218024,3.48120343883515,0,0,0.120486750103797,0.991213636434479,2,2,0,0,1,-1,391.525392805551,-196.71267218024,391.005221344253,-198.711583816838,47.7185443239319,2.06548446619074
778,36.0812362,140.0807713,395.447843891391,-196.801727773124,3.98654176484793,0,0,-0.011766584022231,0.998058907396048,2,2,0,0,1,-1,395.447843891391,-196.801727773124,395.057320961713,-198.463372641152,48.4754702661118,1.70691881061943
779,36.0812348,140.0808168,399.541227478766,-196.957575060474,4.11858629310776,0,0,0.018970602001009,0.998134197407065,2,2,0,0,1,-1,399.541227478766,-196.957575060474,398.935642021114,-199.615572409651,47.9284550095624,2.72611145310536
780,36.0812345,140.0808519,402.69898053371,-196.990970907312,4.12373657750082,0,0,0.002820610152625,0.998298589595495,2,2,0,0,1,-1,402.69898053371,-196.990970907312,402.620738516367,-198.056925901307,49.8913394250266,1.06882265250223
781,36.0812269,140.0808926,406.360534643792,-197.836999037735,4.80950808193125,0,0,-0.06038689144691,0.997189915569317,2,2,0,0,1,-1,406.360534643792,-197.836999037735,406.640011401414,-198.204988136815,51.0893577200187,0.462085744307509
782,36.0812278,140.0809216,408.969504401373,-197.736811495642,4.95239697557493,0,0,0.459129835575442,0.887312921791898,2,2,0,0,1,-1,408.969504401373,-197.736811495642,409.596738485162,-198.458665013735,51.2152281907666,0.956292370277408
783,36.0812286,140.0809226,409.059468875596,-197.647755903548,4.79453408458829,0,0,0.492229127241374,0.868661416277684,2,2,0,0,1,1,409.059468875596,-197.647755903548,409.668012974891,-198.215202419869,51.34416802269,0.832058573461173
785,36.0812297,140.0809253,409.302372957533,-197.525304463036,4.88760681468325,0,0,-0.047491400498712,0.997599511927321,2,2,0,0,1,-1,409.302372957533,-197.525304463036,409.854675420699,-196.947673472761,52.3307030704235,0.799184316503399
786,36.0812131,140.0809614,412.5500904867,-199.373208010443,5.18129202739987,0,0,-0.358939114819411,0.930708442025233,2,2,0,0,1,-1,412.5500904867,-199.373208010443,413.051127186626,-199.404577434306,52.198025104107,0.502017744134794
787,36.0811868,140.0809784,414.079486551048,-202.300910618507,5.48993098364178,0,0,-0.775457450096826,0.628474130505047,2,2,0,0,1,-1,414.079486551048,-202.300910618507,414.423442071006,-202.309377572988,52.4432128637553,0.34405971724048
788,36.081145,140.080978,414.043500760848,-206.954065333466,5.7832701872233,0,0,-0.656080275908,0.754335399103837,2,2,0,0,1,-1,414.043500760848,-206.954065333466,414.763573870847,-206.343176758134,53.4006366290094,0.944293458208706
789,36.081112,140.0809917,415.276014061794,-210.627608529861,5.87642237921487,0,0,-0.539921837904417,0.841465296799127,2,2,0,0,1,-1,415.276014061794,-210.627608529861,415.907653258712,-210.360337200767,53.373881117241,0.68585861402988
790,36.081078,140.0810117,417.075303551368,-214.412471216768,5.91436230680538,0,0,-0.422018257497316,0.906481683984858,2,2,0,0,1,-1,417.075303551368,-214.412471216768,418.155194638203,-213.82469247842,54.258786482448,1.22949119747889
791,36.0810532,140.0810461,420.170081470265,-217.173194588274,5.96096365355336,0,0,-0.264374432710735,0.963979128629122,2,2,0,0,1,-1,420.170081470265,-217.173194588274,420.887875473351,-216.803119621318,54.3420904210591,0.807578920002987
792,36.081033,140.0810818,423.381813209232,-219.421848302474,5.98419957386537,0,0,-0.053082431367045,0.998305722319378,2,2,0,0,1,-1,423.381813209232,-219.421848302474,424.371488894102,-218.912143727841,55.0435989343505,1.11321907755089
793,36.0810179,140.0811195,426.773473896645,-221.102772613321,5.95802563222867,0,0,-0.187719014534161,0.982004882810637,2,2,0,0,1,1,426.773473896645,-221.102772613321,427.640261741925,-220.580607893545,55.4198616318494,1.01191756744571
795,36.0810177,140.0811203,426.845445474489,-221.12503651174,5.96416749147448,0,0,-0.15526371362677,0.987661741872514,2,2,0,0,1,-1,426.845445474489,-221.12503651174,428.037901759399,-220.693647988651,55.5198966688045,1.26808834442836
796,36.0810187,140.0811649,430.857861037109,-221.013717020437,6.03605596187169,0,0,0.162158488658209,0.986415943574258,2,2,0,0,1,-1,430.857861037109,-221.013717020437,432.174476757287,-220.417954204252,56.120408222664,1.44513331141722
797,36.0810252,140.0812106,434.969237518306,-220.290140330525,6.04683940289587,0,0,0.079639239581013,0.996349272575153,2,2,0,0,1,-1,434.969237518306,-220.290140330525,436.213922690276,-219.710487998076,56.4436056150404,1.37303969492424
798,36.0810349,140.0812557,439.02663531548,-219.210341269868,6.05877269078908,0,0,0.235788234158673,0.971539457539691,2,2,0,0,1,-1,439.02663531548,-219.210341269868,440.118204476944,-218.513177963487,56.818931697846,1.29520651249992
799,36.0810487,140.0812991,442.931093507498,-217.67413229716,6.03662073856357,0,0,0.273620351341671,0.961772129530173,2,2,0,0,1,-1,442.931093507498,-217.67413229716,443.754295528155,-216.80096364567,57.1536766776618,1.2000354414591
800,36.0810634,140.0813359,446.241786167599,-216.03773578236,6.00974865054008,0,0,0.253270631513148,0.967246900732542,2,2,0,0,1,-1,446.241786167599,-216.03773578236,447.421372410939,-215.084994453413,57.6529793352461,1.51629144472943
801,36.0810744,140.0813827,450.452123572487,-214.813221383561,5.9830967720765,0,0,0.231493458547962,0.972631465560546,2,2,0,0,1,-1,450.452123572487,-214.813221383561,451.376495602311,-213.689551014625,58.0449206050608,1.45502534257903
802,36.0810749,140.0813902,451.126857129159,-214.757561638305,6.02772965278869,0,0,-0.035906151318319,0.999001680111298,2,2,0,0,1,1,451.126857129159,-214.757561638305,451.891371658106,-213.60464267197,58.0594768925544,1.38336712694308
804,36.0810853,140.0814264,454.383571105238,-213.599838933972,5.97882233111215,0,0,0.364207044419034,0.931151802893408,2,2,0,0,1,-1,454.383571105238,-213.599838933972,455.075102136442,-212.135644640327,58.5756427148577,1.61928382214528
805,36.0811084,140.0814611,457.505338367424,-211.028358696654,5.87610501545418,0,0,0.44203792117356,0.896854479244529,2,2,0,0,1,-1,457.505338367424,-211.028358696654,457.967448178316,-209.205306825071,58.9848386004585,1.88070827184995
806,36.0811347,140.081497,460.735063000213,-208.10065608859,5.77740526562836,0,0,0.453224105156173,0.891259576381254,2,2,0,0,1,-1,460.735063000213,-208.10065608859,460.977748275314,-206.421195001403,58.955893343048,1.696904736903
807,36.0811583,140.081534,464.063748556692,-205.473516106015,5.69442942071786,0,0,0.402115651370015,0.915404831443525,2,2,0,0,1,-1,464.063748556692,-205.473516106015,464.108453348111,-203.745358855568,59.1381667777819,1.72873537611976
808,36.0811894,140.0815587,466.285871074092,-202.011479942226,5.53008584714757,0,0,0.397340140052863,0.917531051462412,2,2,0,0,1,-1,466.285871074092,-202.011479942226,466.126310655189,-200.271928045843,59.1383991516782,1.74685440935708
809,36.0812182,140.081586,468.741901226517,-198.805478607881,5.37948901849838,0,0,0.60691840633507,0.794559166591376,2,2,0,0,1,-1,468.741901226517,-198.805478607881,468.55633361856,-197.029322176628,59.2800143558059,1.78582390100636
810,36.0812485,140.0816135,471.215924275321,-195.432498036186,5.21557355109177,0,0,0.562807048084911,0.826478454675469,2,2,0,0,1,-1,471.215924275321,-195.432498036186,470.760378097399,-193.56333724398,59.3696845267677,1.92387223778971
811,36.0812816,140.081637,473.330089424676,-191.747822891372,5.03734284365649,0,0,0.360506632441636,0.932592660129798,2,2,0,0,1,-1,473.330089424676,-191.747822891372,472.555437136428,-189.904310498141,59.2896008062588,1.99965599833688
812,36.0812852,140.0816419,473.77091534888,-191.347072724579,5.03466140966294,0,0,0.456358403849918,0.889615252178944,2,2,0,0,1,1,473.77091534888,-191.347072724579,473.069151722069,-189.644881554537,59.2206895280827,1.84117543088197
814,36.0812899,140.0816441,473.968837193705,-190.823871117273,4.99555945143687,0,0,0.788109951978986,0.615233964728691,2,2,0,0,1,-1,473.968837193705,-190.823871117273,473.102895774887,-188.902026481229,59.3556977850289,2.10792346775545
815,36.0812967,140.0816387,473.483029029832,-190.066898580525,4.94513341420283,0,0,0.991391292945458,0.126751798440607,2,2,0,0,1,-1,473.483029029832,-190.066898580525,472.418919798858,-188.448694603582,58.9166313899074,1.93672728241163
816,36.081298,140.0816322,472.898259947382,-189.922183242384,4.96693701461895,0,0,0.99935462547466,-0.002219987904688,2,2,0,0,1,-1,472.898259947382,-189.922183242384,471.970503189683,-188.37510124347,58.8381287033978,1.8039388328939
817,36.0812984,140.0816277,472.493419810822,-189.877655445547,4.94995206242647,0,0,0.999276966449531,0.01657659072577,2,2,0,0,1,-1,472.493419810822,-189.877655445547,471.624059334346,-188.309633217191,58.8359796996077,1.79289747243771
818,36.0813027,140.0816103,470.928037956273,-189.398981635869,4.90644377868368,0,0,0.998542337007322,-0.035675809673683,2,2,0,0,1,-1,470.928037956273,-189.398981635869,469.88374714252,-187.80578418189,58.6034868529969,1.90494656908139
819,36.0813023,140.0815991,469.920435843441,-189.443509431916,4.94818881414923,0,0,0.999222911863318,0.006515035071643,2,2,0,0,1,-1,469.920435843441,-189.443509431916,468.686482015395,-187.975446538714,58.3075593155353,1.91777232959171
820,36.0813045,140.0815848,468.633943858472,-189.198606551682,4.91096565654443,0,0,0.999174349516336,-0.009730523859763,2,2,0,0,1,-1,468.633943858472,-189.198606551682,467.550187358142,-187.696613255657,58.2522050857092,1.85216414318798
821,36.0813043,140.0815394,464.549556718008,-189.220870450101,4.88974712257753,0,0,0.993386076146128,-0.107308875504466,2,2,0,0,1,-1,464.549556718008,-189.220870450101,463.474263504721,-187.790493329964,57.7569048535111,1.78947875101982
822,36.0813041,140.0815324,463.91980539589,-189.24313434852,4.92756512049953,0,0,0.999258660665473,0.025358728796715,2,2,0,0,1,-1,463.91980539589,-189.24313434852,462.770044207818,-187.760892676674,57.7082863493294,1.87589742879291
823,36.0813072,140.0815184,462.660302754211,-188.898043926982,4.8871708347095,0,0,0.999256276370438,-0.008647999094992,2,2,0,0,1,-1,462.660302754211,-188.898043926982,461.62401478947,-187.76557979653,57.2870040550131,1.53504649852312
824,36.0813056,140.0814922,460.30323352292,-189.07615511196,4.91071274106182,0,0,0.999492559690995,0.010998379171183,2,2,0,0,1,-1,460.30323352292,-189.07615511196,459.104909173246,-187.560157882492,57.3287651985271,1.93241528838314
825,36.0813092,140.0814737,458.638890747237,-188.675404945167,4.88607139947006,0,0,0.998978676682129,-0.019888035535632,2,2,0,0,1,-1,458.638890747237,-188.675404945167,457.405059146115,-187.502345664166,56.808164802031,1.70247129099703
826,36.0813091,140.0814427,455.849992038652,-188.686536894376,4.92109652581179,0,0,0.999322844463773,0.012344378673451,2,2,0,0,1,-1,455.849992038652,-188.686536894376,454.560375943208,-187.394738783653,56.5985265195172,1.8253361423309
827,36.0813113,140.0814282,454.545507159862,-188.441634014933,4.88884276394046,0,0,0.999336461971862,-0.001551028037554,2,2,0,0,1,-1,454.545507159862,-188.441634014933,453.178652985131,-187.261279748914,56.3170704116148,1.805969691963
828,36.0813116,140.0814234,454.113677682568,-188.408238167305,4.88331366302664,0,0,0.999290237756592,0.001414800602645,2,2,0,0,1,-1,454.113677682568,-188.408238167305,452.810267950153,-187.264324853505,56.2624898052072,1.73418989734281
829,36.0813167,140.0813775,449.984308304993,-187.840508764743,4.845209585007,0,0,0.999355691191331,0.013265399282568,2,2,0,0,1,-1,449.984308304993,-187.840508764743,448.775715139884,-186.743419367951,55.7980987674979,1.63226915161166
830,36.0813191,140.0813533,447.807168022148,-187.57334198609,4.79622935761987,0,0,0.99938976078383,-0.000304412534101,2,2,0,0,1,-1,447.807168022148,-187.57334198609,446.286472686769,-186.599165719377,55.3165207992463,1.805971677981
831,36.0813194,140.0813508,447.58225683659,-187.539946139253,4.79682093077285,0,0,0.99936799141619,0.001850863380935,2,2,0,0,1,-1,447.58225683659,-187.539946139253,446.192459092047,-186.578801273269,55.3330829179205,1.68977431160007
832,36.0813201,140.0813436,446.93451262065,-187.462022495578,4.82238394996419,0,0,0.999414449695498,-0.000613262756872,2,2,0,0,1,-1,446.93451262065,-187.462022495578,445.478783877258,-186.475440896951,55.2574449330836,1.75854753279239
833,36.0813211,140.0813314,445.836946031039,-187.350703005066,4.82870821029652,0,0,0.999410966578561,0.000331700919535,2,2,0,0,1,-1,445.836946031039,-187.350703005066,444.512290143738,-186.301284827852,55.2478391296661,1.68996796727858
834,36.0813213,140.081329,445.621031292392,-187.328439106647,4.83279578235774,0,0,0.999358040835726,-0.003458031447252,2,2,0,0,1,-1,445.621031292392,-187.328439106647,444.414725617368,-186.279438317701,55.2725779820151,1.59861691371155
835,36.0813231,140.0813068,443.62381996055,-187.12806402325,4.82576122078469,0,0,0.99931681282437,0.001979058294398,2,2,0,0,1,-1,443.62381996055,-187.12806402325,442.303480715712,-186.057712243323,55.0253783343106,1.69969075253528
836,36.0813238,140.081302,443.191990483257,-187.050140379576,4.83936060180149,0,0,0.999023020779087,-0.004368260438263,2,2,0,0,1,-1,443.191990483257,-187.050140379576,441.963782750495,-186.054119394649,54.9470017380743,1.58131338994768
837,36.0813229,140.0812752,440.780942567943,-187.150327921669,4.82955659484771,0,0,0.999500878241172,0.013986545109605,2,2,0,0,1,-1,440.780942567943,-187.150327921669,439.439292036843,-186.236454374606,54.5744342132984,1.6233271412815
838,36.0813297,140.081257,439.143589132993,-186.39335538413,4.77557094251589,0,0,0.998147571505787,-0.040342329987687,2,2,0,0,1,-1,439.143589132993,-186.39335538413,438.169941283089,-185.667829070681,54.3533706515633,1.21423991333201
839,36.0813287,140.0812279,436.525622925944,-186.504674874642,4.82621995429807,0,0,0.999330202684783,0.008081691684258,2,2,0,0,1,-1,436.525622925944,-186.504674874642,435.112842903656,-186.003254235469,53.6938362514931,1.4991230932656
840,36.0813297,140.0812251,436.273722397096,-186.39335538413,4.87283857347333,0,0,0.999425342212088,-0.001030239058307,2,2,0,0,1,-1,436.273722397096,-186.39335538413,434.777906240321,-185.987868275683,53.5407163825073,1.54980184862082
841,36.0813388,140.0811751,431.775498675718,-185.380348017937,4.81287089245726,0,0,0.999391070082961,0.013756580505271,2,2,0,0,1,-1,431.775498675718,-185.380348017937,430.728959484748,-185.770588270448,52.4958168571968,1.11692960069772
842,36.0813413,140.0811646,430.830871693819,-185.102049290866,4.81970513438377,0,0,0.999543139328061,-0.0015228932085,2,2,0,0,1,-1,430.830871693819,-185.102049290866,430.03903588261,-185.730479816391,52.2814109842403,1.0109049793755
843,36.0813543,140.0811193,426.755481000266,-183.654895910252,4.82330049043935,0,0,0.999211527760612,-0.018394656326914,2,2,0,0,1,-1,426.755481000266,-183.654895910252,425.92715114832,-185.311650892546,50.8535236743376,1.8522870768267
844,36.0813605,140.0810831,423.498767026745,-182.964715067969,4.80092472809588,0,0,0.999400280777361,0.000356397341,2,2,0,0,1,-1,423.498767026745,-182.964715067969,422.858036934601,-185.274952248306,49.9852252609386,2.39744257082208
845,36.0813648,140.0810575,421.195676479476,-182.486041257501,4.80918671071917,0,0,0.999190886756113,-0.002369448356389,2,2,0,0,1,-1,421.195676479476,-182.486041257501,420.700367707427,-185.070395204484,49.5477590939798,2.63139052650027
846,36.0813653,140.0810372,419.369397649169,-182.430381511454,4.77498362525775,0,0,0.999264246963961,0.01169706650095,2,2,0,0,1,-1,419.369397649169,-182.430381511454,419.179534207485,-185.057429550574,49.4608590155961,2.63390006005049
847,36.0813665,140.0810276,418.505738694583,-182.296798122523,4.78435498628319,0,0,0.99914783811257,-0.009393216252188,2,2,0,0,1,-1,418.505738694583,-182.296798122523,418.220318841603,-184.74882328267,49.4755647756399,2.46858094428176
848,36.081366,140.0810134,417.228243156525,-182.35245786857,4.79694162016967,0,0,0.997471040686669,0.06557978296041,2,2,0,0,1,-1,417.228243156525,-182.35245786857,417.032660018217,-184.538053511127,49.6239349735395,2.19432929998075
849,36.0813676,140.0810083,416.769424338499,-182.174346682801,4.7260173791001,0,0,0.828409922709755,0.559772573638091,2,2,0,0,1,-1,416.769424338499,-182.174346682801,416.560021721154,-184.136785241639,49.7592813806529,1.9735791226509
850,36.0813687,140.0810079,416.733438548298,-182.05189524308,4.69235582101857,0,0,0.841091012304665,0.540051202762814,2,2,0,0,1,1,416.733438548298,-182.05189524308,416.559147053516,-184.023991088341,49.7575788558879,1.97978270223038
853,36.0813948,140.0809953,415.599886168486,-179.146456533434,4.46429768263571,0,0,0.713168531292241,0.70081147964439,2,2,0,0,1,-1,415.599886168486,-179.146456533434,415.146366373899,-180.356418901444,50.0563290427433,1.29216451587324
854,36.0814278,140.0809918,415.285010508705,-175.472913337039,4.20794023575214,0,0,0.721716874089581,0.691885797751482,2,2,0,0,1,-1,415.285010508705,-175.472913337039,415.167933679088,-176.331834794889,50.322911215435,0.866863919417514
855,36.0814627,140.0810003,416.049708542158,-171.587863108829,3.9147081903882,0,0,0.721344168814403,0.691980619852576,2,2,0,0,1,-1,416.049708542158,-171.587863108829,415.889509578526,-172.299193155857,50.3447248603596,0.729146174476068
856,36.0814974,140.0810024,416.238633937514,-167.725076778247,3.6352400524499,0,0,0.753292018006311,0.657254366217751,2,2,0,0,1,-1,416.238633937514,-167.725076778247,416.154163956067,-168.224783851771,50.4214789257253,0.506796149448646
857,36.0815344,140.0810031,416.301609071005,-163.606255619012,3.36069387364404,0,0,0.733501957782243,0.679037502368985,2,2,0,0,1,-1,416.301609071005,-163.606255619012,416.022181739214,-164.128451136632,50.1520996082587,0.592256525817718
858,36.0815689,140.0810075,416.697452758097,-159.765733186058,3.13263357138234,0,0,0.730158460215429,0.682457741788841,2,2,0,0,1,-1,416.697452758097,-159.765733186058,416.368879280028,-160.039572347159,50.2432566908212,0.42772469725608
859,36.0816065,140.0810098,416.904371049833,-155.580120332358,2.86308376662079,0,0,0.767136983662493,0.640668283149699,2,2,0,0,1,-1,416.904371049833,-155.580120332358,416.643259218619,-156.029907153841,49.9646273451227,0.520084198163729
860,36.081627,140.0810126,417.156271576123,-153.29807077132,2.62056197729669,0,0,0.689111111711418,0.724188752416104,2,2,0,0,1,1,417.156271576123,-153.29807077132,416.839246960134,-153.634136977032,49.9841434486056,0.462001192384216
862,36.0816392,140.081016,417.46215079155,-151.939972983591,2.56302210472884,0,0,0.530345044420602,0.847429696672106,2,2,0,0,1,-1,417.46215079155,-151.939972983591,417.263052114351,-152.054107931089,50.2147064621293,0.229493070707423
863,36.0816746,140.0810216,417.965951846688,-147.999263009334,2.28318292152752,0,0,0.695859239359146,0.717694799031615,2,2,0,0,1,-1,417.965951846688,-147.999263009334,417.780571487829,-148.029291548544,50.2015808796263,0.187796673606167
864,36.0817104,140.0810145,417.327204077659,-144.01402523903,1.99629686505518,0,0,0.796482045392167,0.604258050544901,2,2,0,0,1,-1,417.327204077659,-144.01402523903,417.284709496968,-144.038742541112,50.0441314907108,0.049160293024613
865,36.0817449,140.0810176,417.606093949795,-140.173502806867,1.68895934604325,0,0,0.715716608040051,0.697918989448513,2,2,0,0,1,-1,417.606093949795,-140.173502806867,417.482320519448,-140.035500241057,50.0551022982662,0.185376833046314
866,36.0817814,140.0810185,417.687061977107,-136.110341392889,1.41110295428358,0,0,0.718276584053309,0.695292755323302,2,2,0,0,1,-1,417.687061977107,-136.110341392889,417.592708913978,-136.024228146649,49.8827472054958,0.127741894849476
867,36.0818174,140.0810284,418.577710272427,-132.102839724166,1.13628511258242,0,0,0.504811303868319,0.862671375871025,2,2,0,0,1,-1,418.577710272427,-132.102839724166,418.518328226035,-132.115197866213,49.7614317282695,0.060654357704573
868,36.0818542,140.0810285,418.586706721895,-128.00628246335,0.871042983443165,0,0,0.716440484035952,0.697121028198622,2,2,0,0,1,-1,418.586706721895,-128.00628246335,418.595793717612,-128.026369586098,49.6414046642924,0.022046904351409
869,36.0818927,140.0810268,418.433767114181,-123.720482067556,0.560804613590681,0,0,0.706122176949738,0.707539141857157,2,2,0,0,1,-1,418.433767114181,-123.720482067556,418.54779044492,-123.904632721088,49.3658867605896,0.216593589814571
870,36.0819288,140.0810294,418.667674749207,-119.701848449624,0.257376134652791,0,0,0.707970791573483,0.705848488435535,2,2,0,0,1,-1,418.667674749207,-119.701848449624,418.738078121371,-119.816488407531,49.3136607796762,0.134532355814719
871,36.0819504,140.0810294,418.667674749207,-117.297347448865,0.086492191358502,0,0,0.728703022396602,0.684398164773858,2,2,0,0,1,1,418.667674749207,-117.297347448865,418.724098794953,-117.478400580554,49.1714770400759,0.189641528766182
872,36.0819644,140.0810385,419.486351466682,-115.738874577739,-0.027950290793965,0,0,0.553333927558649,0.832722725881965,2,2,0,0,1,-1,419.486351466682,-115.738874577739,419.582483416237,-115.897400324574,49.2472879226056,0.185396235492386
873,36.0819725,140.0810436,419.945170284708,-114.837186702059,-0.060898179253771,0,0,0.615985873173823,0.787266843608799,2,2,0,0,1,1,419.945170284708,-114.837186702059,420.000226673804,-114.931734455806,49.3175181107182,0.109409705780017
875,36.081971,140.0810425,419.846209363574,-115.004165938618,-0.084347249958486,0,0,0.904988849491413,0.424862604834287,2,2,0,0,1,-1,419.846209363574,-115.004165938618,419.858251504386,-114.873101540049,49.5118328896542,0.131616449305428
876,36.0819711,140.0810423,419.828216469752,-114.993033989409,-0.081111077421935,0,0,0.999101121171851,-0.019728119953767,2,2,0,0,1,-1,419.828216469752,-114.993033989409,419.923170027079,-115.000025309474,49.4051432841256,0.095210590825329
877,36.0819537,140.0810037,416.355587755027,-116.929993128909,0.065321045098323,0,0,0.897191620973478,-0.43919735177012,2,2,0,0,1,-1,416.355587755027,-116.929993128909,416.402330524788,-117.102430844821,48.9127275370874,0.178660718664993
878,36.0819287,140.080972,413.50371391551,-119.712980398834,0.216312562217764,0,0,0.915989278012516,-0.398803918547182,2,2,0,0,1,-1,413.50371391551,-119.712980398834,413.397043719937,-119.904207340977,48.6202248663159,0.21896637647131
879,36.081901,140.0809383,410.471911124989,-122.796530294248,0.391076999229396,0,0,0.931677461257759,-0.360776886945896,2,2,0,0,1,-1,410.471911124989,-122.796530294248,410.526437845123,-122.810699768978,48.6101071889561,0.056337706935003
880,36.0818851,140.0808989,406.92731083242,-124.566510197189,0.476917246326808,0,0,0.953293207241532,-0.29744466555635,2,2,0,0,1,-1,406.92731083242,-124.566510197189,406.894823052683,-124.538557828671,48.2930974308889,0.042857796700535
881,36.0818738,140.080857,403.157799351736,-125.824420443616,0.521636755430792,0,0,0.976051466796044,-0.21312522234431,2,2,0,0,1,-1,403.157799351736,-125.824420443616,403.07798024329,-125.785308048015,47.920332964989,0.088886835711801
882,36.0818689,140.0808136,399.253341162275,-126.369885948549,0.489239742600651,0,0,0.992547683117461,-0.115153712541271,2,2,0,0,1,-1,399.253341162275,-126.369885948549,399.107592735466,-126.31458406386,47.5078507024698,0.155887466998977
883,36.0818662,140.0807669,395.052000204298,-126.670448573249,0.449841766095287,0,0,0.99585429076197,-0.084007033476321,2,2,0,0,1,-1,395.052000204298,-126.670448573249,394.947388391565,-126.578412047106,47.1124610465297,0.139335399334806
884,36.081866,140.080757,394.161351908979,-126.692712471667,0.448264614381973,0,0,0.999326012668161,3.97798762002686E-05,2,2,0,0,1,-1,394.161351908979,-126.692712471667,394.043769232041,-126.625351912073,46.9892577154188,0.135510630227431
885,36.0818714,140.0807111,390.031982531403,-126.091587221478,0.298281572382385,0,0,0.999131486733209,-0.005566298733099,2,2,0,0,1,-1,390.031982531403,-126.091587221478,389.963543295717,-126.064875283843,46.5019540392048,0.07346738455575
886,36.0818717,140.0807064,389.609149501021,-126.058191373849,0.308074551609657,0,0,0.999559003469953,0.00336055068034,2,2,0,0,1,-1,389.609149501021,-126.058191373849,389.428939110636,-126.009197103651,46.4358365572971,0.186751769242017
887,36.0818728,140.0806967,388.736494099523,-125.935739934128,0.295725226663067,0,0,0.999524770190908,-0.002451409187521,2,2,0,0,1,-1,388.736494099523,-125.935739934128,388.570370608584,-125.93488091909,46.2974101296445,0.166125711882844
888,36.081873,140.0806918,388.295668172762,-125.913476035709,0.29075994680619,0,0,0.999600280718609,0.009931419201828,2,2,0,0,1,-1,388.295668172762,-125.913476035709,388.086316875444,-125.874607994782,46.2690153101489,0.212928838568604
889,36.0818756,140.0806753,386.811254345526,-125.624045360219,0.247307707684609,0,0,0.999583348866428,-0.003263742862486,2,2,0,0,1,-1,386.811254345526,-125.624045360219,386.582763502106,-125.636604323885,46.0437423475834,0.228835733867596
890,36.0818763,140.0806606,385.488776570356,-125.546121716544,0.240748945012155,0,0,0.999422852468038,0.002868384952395,2,2,0,0,1,-1,385.488776570356,-125.546121716544,385.302189665333,-125.609346814765,45.8659484541497,0.197007832765838
891,36.0818769,140.0806559,385.065943539974,-125.479330022079,0.236442477457606,0,0,0.999716948215637,-0.004972961807998,2,2,0,0,1,-1,385.065943539974,-125.479330022079,384.868909343083,-125.610808005075,45.7505353651104,0.236873246182556
892,36.0818773,140.0806511,384.634114062681,-125.434802226032,0.181388761734325,0,0,0.999434441673216,0.02194961033095,2,2,0,0,1,-1,384.634114062681,-125.434802226032,384.537230628231,-125.609176124305,45.6986090331588,0.199480967186797
893,36.0818779,140.0806465,384.220277481766,-125.368010531566,0.179659449612184,0,0,0.99956674398955,-0.000694788883635,2,2,0,0,1,-1,384.220277481766,-125.368010531566,384.16482284609,-125.534813326415,45.6737323141289,0.175779375887463
894,36.0818785,140.0806367,383.338625630801,-125.301218837101,0.179477220767736,0,0,0.999508196040793,0.003385874316884,2,2,0,0,1,-1,383.338625630801,-125.301218837101,383.210311741697,-125.403214010642,45.6102120199795,0.163912993879557
895,36.0818791,140.0806294,382.68188496795,-125.234427141844,0.189144324081274,0,0,0.999589637072468,-0.001070584076154,2,2,0,0,1,-1,382.68188496795,-125.234427141844,382.591520371505,-125.328298858158,45.5583631994368,0.130298347703805
896,36.0818796,140.0806196,381.800233119542,-125.178767396588,0.161531510140904,0,0,0.999754338375116,0.008693327190616,2,2,0,0,1,-1,381.800233119542,-125.178767396588,381.530969839835,-125.314209880086,45.3577484020343,0.301408991462943
897,36.0818849,140.0805815,378.372586641928,-124.588774095608,0.077775402293947,0,0,0.999765180236401,-0.002621903580938,2,2,0,0,1,-1,378.372586641928,-124.588774095608,378.151872266107,-124.756021820375,44.9551449459931,0.276923522175306
898,36.081884,140.0805626,376.672258076045,-124.688961637702,0.040418336657426,0,0,0.999503912209412,0.024658328653707,2,2,0,0,1,-1,376.672258076045,-124.688961637702,376.421720015681,-124.937080510809,44.689134123365,0.352607848583985
899,36.0818902,140.0805381,374.46812844991,-123.998780794628,-0.025553505605961,0,0,0.999817226936423,-0.000164546341607,2,2,0,0,1,-1,374.46812844991,-123.998780794628,374.286592181343,-124.195841038265,44.4998695670474,0.267933119318986
900,36.0818905,140.0805333,374.036298972617,-123.965384946999,-0.035477017021616,0,0,0.999854631529524,0.008092678130653,2,2,0,0,1,-1,374.036298972617,-123.965384946999,373.786289255233,-124.149523671131,44.4391718223311,0.310502702905436
901,36.0818966,140.0804906,370.194815914089,-123.286336053135,-0.102588998408913,0,0,0.998399496961144,0.053623109800062,2,2,0,0,1,-1,370.194815914089,-123.286336053135,369.746916687482,-123.647612245638,43.7639933953019,0.575442616135884
902,36.0819013,140.0804649,367.882728919909,-122.76313444662,-0.13766952624904,0,0,0.999733352166146,-0.004256544847078,2,2,0,0,1,-1,367.882728919909,-122.76313444662,367.487400955012,-123.168139636314,43.4746653237152,0.565962369340246
903,36.0819001,140.0804217,363.99626362427,-122.896717835551,-0.160488789009556,0,0,0.996964551582689,-0.073340836366823,2,2,0,0,1,-1,363.99626362427,-122.896717835551,363.449203757292,-123.346282377769,42.9635875215851,0.7080838761602
904,36.081899,140.080378,360.064816091519,-123.019169275273,-0.205638040750558,0,0,0.999372174939933,-0.025469151929721,2,2,0,0,1,-1,360.064816091519,-123.019169275273,359.406444081029,-123.553861539585,42.4243786736154,0.848144752805795
905,36.0818991,140.0803326,355.980428951055,-123.008037326063,-0.24408836277313,0,0,0.961763262433418,-0.271982474824438,2,2,0,0,1,-1,355.980428951055,-123.008037326063,355.37085168574,-123.702410559401,41.8542583646236,0.923979777681821
906,36.0818696,140.0803064,353.623359719764,-126.291962304874,-0.142305828050893,0,0,0.801945480390082,-0.596583016260606,2,2,0,0,1,-1,353.623359719764,-126.291962304874,352.990450747097,-126.992415883627,41.7078085021298,0.944038655813735
907,36.0818328,140.0803035,353.362462744006,-130.38851956569,-0.013058162551761,0,0,0.625191235901069,-0.77961199528464,2,2,0,0,1,-1,353.362462744006,-130.38851956569,352.666627373142,-131.053885994492,41.8429648629793,0.962756120688215
908,36.0817947,140.0803073,353.704327747076,-134.629792165438,0.14994270104393,0,0,0.700997784165135,-0.711975262535264,2,2,0,0,1,-1,353.704327747076,-134.629792165438,352.828993663521,-135.051671653905,42.1964024962295,0.971695456726391
909,36.0817561,140.0803081,353.776299327477,-138.92672450965,0.341050870870868,0,0,0.601963760418934,-0.797673666446236,2,2,0,0,1,-1,353.776299327477,-138.92672450965,352.800676550006,-139.152446384218,42.5123270554025,1.00139411251465
910,36.0817226,140.0803177,354.639958282064,-142.655927451301,0.54994135534563,0,0,0.493815931088894,-0.868551938831667,2,2,0,0,1,-1,354.639958282064,-142.655927451301,353.82000257497,-143.027149099006,42.6842415623083,0.900073815484588
911,36.0816843,140.0803254,355.332684735115,-146.919463948676,0.668402097240646,0,0,0.663757429499491,-0.747137961643238,2,2,0,0,1,-1,355.332684735115,-146.919463948676,354.60201785489,-147.107492680699,43.1377326581522,0.754472593222676
912,36.0816477,140.0803378,356.448244218549,-150.993757311864,0.858169257258041,0,0,0.532017744885388,-0.846040978217881,2,2,0,0,1,-1,356.448244218549,-150.993757311864,355.40811339035,-151.059740662243,43.4063501391136,1.04222163779882
913,36.0816148,140.0803438,356.988031063887,-154.65616855905,1.00805232032495,0,0,0.693325534932641,-0.71997976806727,2,2,0,0,1,-1,356.988031063887,-154.65616855905,356.201353108419,-155.046891882123,43.4363170133025,0.878366051718917
914,36.0816089,140.0803436,356.970038170065,-155.312953554496,1.00812228185107,0,0,0.727602666061287,-0.685299273801476,2,2,0,0,1,1,356.970038170065,-155.312953554496,356.119571164388,-155.384206530087,43.722653567998,0.853446608919557
916,36.0816056,140.0803432,356.934052379865,-155.680307874451,1.02036774579134,0,0,0.221254268749784,-0.9748637770299,2,2,0,0,1,-1,356.934052379865,-155.680307874451,356.125772030032,-155.628858794635,43.8637076676365,0.80991612636146
917,36.0816058,140.0803465,357.230935145823,-155.658043976033,1.00934925057286,0,0,-0.324527435664893,-0.945739217370373,2,2,0,0,1,-1,357.230935145823,-155.658043976033,356.544206062212,-155.459544087852,44.0791730704053,0.714841968469617
918,36.0816119,140.0803505,357.590793042715,-154.978995082168,0.98016629473402,0,0,-0.774387056512549,-0.632421184253026,2,2,0,0,1,-1,357.590793042715,-154.978995082168,356.760067041156,-154.74095554547,44.060543771459,0.86415768856082
919,36.0816191,140.0803442,357.024016854088,-154.177494748582,0.971694996940096,0,0,-0.987024868235809,-0.158445216603545,2,2,0,0,1,-1,357.024016854088,-154.177494748582,356.028808536454,-154.048701417552,43.7972639840966,1.00350750749757
920,36.0816433,140.0803121,354.136157224369,-151.483563071542,0.903608759118517,0,0,-0.940016801151719,-0.340172334494961,2,2,0,0,1,-1,354.136157224369,-151.483563071542,352.996074421734,-151.27834486968,43.3868868352893,1.15840550207606
921,36.0816682,140.080279,351.158333120428,-148.711707750827,0.786194213152403,0,0,-0.932170856722136,-0.361473609723691,2,2,0,0,1,-1,351.158333120428,-148.711707750827,350.148749734129,-148.399881109655,43.1085707809807,1.0566430182595
922,36.0816946,140.0802493,348.486388229356,-145.772873193553,0.625260295386787,0,0,-0.939531970775868,-0.341919045706455,2,2,0,0,1,-1,348.486388229356,-145.772873193553,347.311376165879,-145.572607387057,42.5345099192101,1.19195626705335
923,36.0817204,140.080216,345.490571231593,-142.900830330744,0.526909854491099,0,0,-0.951071915522225,-0.308191319856882,2,2,0,0,1,-1,345.490571231593,-142.900830330744,344.291110233396,-142.798698307492,42.0008101440795,1.20380132761645
924,36.0817437,140.08018,342.251850149337,-140.307086195798,0.412027273349128,0,0,-0.95575525838363,-0.293068891915544,2,2,0,0,1,-1,342.251850149337,-140.307086195798,341.086124822154,-140.18655479272,41.5832910163836,1.17193999742507
925,36.0817656,140.0801454,339.139079334061,-137.869189347411,0.298140939917493,0,0,-0.95745442447171,-0.287534823827459,2,2,0,0,1,-1,339.139079334061,-137.869189347411,337.937256822921,-137.712335955863,41.1739177391187,1.21201498947998
926,36.0817875,140.0801078,335.756415096116,-135.431292499024,0.108013192451641,0,0,-0.964572159267116,-0.262213359446322,2,2,0,0,1,-1,335.756415096116,-135.431292499024,334.710211800021,-135.293382917522,40.7629758732792,1.0552537085598
927,36.0818109,140.0800752,332.823573226729,-132.826416414077,-0.045526665707706,0,0,-0.921121800385535,-0.388763797120748,2,2,0,0,1,-1,332.823573226729,-132.826416414077,331.620796267685,-132.62719686591,40.3419176947693,1.21916399289868
928,36.0818345,140.080041,329.746788201654,-130.199276431503,-0.139053521149209,0,0,-0.996908576474107,-0.071022104386176,2,2,0,0,1,-1,329.746788201654,-130.199276431503,328.457467252044,-130.078775455998,39.8057224007294,1.2949397654719
929,36.081862,140.0800115,327.092836204404,-127.137990434507,-0.263341369226521,0,0,-0.991822262537514,-0.12296525755348,2,2,0,0,1,-1,327.092836204404,-127.137990434507,325.622161528807,-127.151627917111,39.2119025371471,1.47073790403809
930,36.0818888,140.0799775,324.034044073151,-124.154628081186,-0.410006304050035,0,0,-0.946806569811327,-0.320338459117973,2,2,0,0,1,-1,324.034044073151,-124.154628081186,322.736910255917,-124.233295623357,38.7790453819661,1.29951711108464
931,36.0819103,140.079943,320.930269704786,-121.761259029637,-0.532535365300012,0,0,-0.948249278022904,-0.317003081777591,2,2,0,0,1,-1,320.930269704786,-121.761259029637,319.653864329742,-121.566455672673,38.6182987367442,1.29118512589229
932,36.0819345,140.0799079,317.772516652399,-119.067327352597,-0.661086985053513,0,0,-0.950622522579163,-0.309571222321707,2,2,0,0,1,-1,317.772516652399,-119.067327352597,316.488841220006,-118.99363066445,38.0656485610104,1.28578918084284
933,36.081952,140.0798695,314.317880834053,-117.119236263096,-0.734237110643219,0,0,-0.984273436402658,-0.174281059868699,2,2,0,0,1,-1,314.317880834053,-117.119236263096,312.981959780291,-117.016678778788,37.6310121231543,1.33985189460253
934,36.081968,140.0798297,310.737294751283,-115.338124410946,-0.796010761378857,0,0,-0.982948642941085,-0.181441103956226,2,2,0,0,1,-1,310.737294751283,-115.338124410946,309.360612258952,-115.22546413138,37.176096988061,1.38128455550695
935,36.0819734,140.079811,309.054959079221,-114.736999160756,-0.825196926962707,0,0,-0.999357278108855,0.003940057677345,2,2,0,0,1,-1,309.054959079221,-114.736999160756,307.795064038255,-114.736534811648,36.9124455489431,1.25989512653745
936,36.0819708,140.0797954,307.65151327674,-115.026429836246,-0.845336073325158,0,0,-0.99908358551813,-0.032872072977288,2,2,0,0,1,-1,307.65151327674,-115.026429836246,306.652501505466,-114.895513391293,36.9911089996832,1.00755329124685
937,36.081971,140.0797927,307.408609194804,-115.004165938618,-0.817573344625646,0,0,-0.998403536714056,-0.047935745893483,2,2,0,0,1,1,307.408609194804,-115.004165938618,306.55648086447,-114.944356679822,36.954435417603,0.854224700412684
939,36.0819711,140.0797927,307.408609194804,-114.993033989409,-0.812975243821244,0,0,-0.999070078880489,0.029604932494298,2,2,0,0,1,-1,307.408609194804,-114.993033989409,306.127157471948,-114.987904567427,36.7410320243536,1.28146198889417
940,36.0819711,140.0797928,307.417605644271,-114.993033989409,-0.805097808581994,0,0,-0.8246488011737,0.563926679995063,2,2,0,0,1,-1,307.417605644271,-114.993033989409,306.267583067556,-115.045417199972,36.7380082458112,1.1512149789263
941,36.0819349,140.0798031,308.344239729791,-119.022799555759,-0.582457397815675,0,0,-0.52175986505541,0.852231555427466,2,2,0,0,1,-1,308.344239729791,-119.022799555759,307.226955179942,-118.964777553221,37.1021630088576,1.11879011351998
942,36.0819008,140.0798137,309.297863158601,-122.818794191876,-0.352508935769289,0,0,-0.425079199716121,0.904065624033684,2,2,0,0,1,-1,309.297863158601,-122.818794191876,308.378780997407,-122.834511261302,37.3610396212083,0.919216538850622
943,36.0818664,140.0798306,310.818262776038,-126.648184675621,-0.166880425931119,0,0,-0.618293071304788,0.784968408323695,2,2,0,0,1,-1,310.818262776038,-126.648184675621,309.836844136223,-126.564707007308,37.7407674055681,0.984962470189836
944,36.0818295,140.0798403,311.690918180092,-130.755873885646,0.041509782271158,0,0,-0.599827627705692,0.799239901153957,2,2,0,0,1,-1,311.690918180092,-130.755873885646,310.717783418894,-130.507264500144,38.1543012722987,1.0043893119765
945,36.0817933,140.0798434,311.969808049672,-134.785639451996,0.281447970793695,0,0,-0.66325878521734,0.74735653040603,2,2,0,0,1,-1,311.969808049672,-134.785639451996,311.020973059155,-134.58422342906,38.3195758854744,0.969977450008852
946,36.0817551,140.0798467,312.266690815631,-139.038044000953,0.481228038827732,0,0,-0.658181812017665,0.751899643061711,2,2,0,0,1,-1,312.266690815631,-139.038044000953,311.299221120521,-138.628415285083,38.7130733579785,1.05061567465073
947,36.0817189,140.0798506,312.617552265612,-143.067809567304,0.69173248531895,0,0,-0.625106457018811,0.779486782752389,2,2,0,0,1,-1,312.617552265612,-143.067809567304,311.735207397753,-142.631340278504,38.9884050152014,0.984397229731703
948,36.0816833,140.0798493,312.500598450657,-147.030783439188,0.957455848949936,0,0,-0.716236780197429,0.696389093325931,2,2,0,0,1,-1,312.500598450657,-147.030783439188,311.629508245305,-146.66303276717,39.0990600794844,0.945536198476635
949,36.0816473,140.0798398,311.645935942981,-151.038285107911,1.23215589782131,0,0,-0.67831896285587,0.733755127549687,2,2,0,0,1,-1,311.645935942981,-151.038285107911,310.855890917881,-150.699231022735,39.2090030090828,0.859726011215126
950,36.0816072,140.0798422,311.861850681628,-155.502196688683,1.5006517435688,0,0,-0.632732765571392,0.772979323490712,2,2,0,0,1,-1,311.861850681628,-155.502196688683,311.201040268957,-154.818122832248,39.8096033538794,0.951119047518299
951,36.0815719,140.0798449,312.104754761007,-159.43177471373,1.75133111692215,0,0,-0.679975796100143,0.732024917527303,2,2,0,0,1,-1,312.104754761007,-159.43177471373,311.403577042984,-158.912604443347,39.8624026633812,0.872460865541455
952,36.0815436,140.0798466,312.25769436872,-162.58211630361,1.92557054042603,0,0,-0.68691873464866,0.725414455331753,2,2,0,0,1,1,312.25769436872,-162.58211630361,311.582594408573,-161.761786754356,40.3099936563777,1.06240318409252
954,36.0815435,140.0798457,312.176726341408,-162.59324825282,1.90133070134663,0,0,-0.961919750435632,0.270122673696229,2,2,0,0,1,-1,312.176726341408,-162.59324825282,311.577973054131,-161.5630358684,40.5226838487606,1.19157167473786
955,36.0815436,140.0798384,311.519985678557,-162.58211630361,1.94625717146435,0,0,-0.999216676297628,-0.016677460743734,2,2,0,0,1,-1,311.519985678557,-162.58211630361,310.959234960489,-161.930044206223,40.1447649831463,0.860022899698677
956,36.0815497,140.0798095,308.92001236533,-161.903067409746,1.93079307370859,0,0,-0.998898698462167,0.020989622592908,2,2,0,0,1,-1,308.92001236533,-161.903067409746,308.248187447252,-161.343317529331,39.71113740541,0.874453343052493
957,36.0815492,140.0798009,308.146317884966,-161.958727155002,1.92667999639278,0,0,-0.998826757315762,-0.024452908048391,2,2,0,0,1,-1,308.146317884966,-161.958727155002,307.442570506557,-161.382297679931,39.6340324693397,0.909687480593888
958,36.0815511,140.0797774,306.032152735612,-161.747220122396,1.96022494851679,0,0,-0.999218014437399,0.002230717959929,2,2,0,0,1,-1,306.032152735612,-161.747220122396,305.337323722347,-161.217995383047,39.3721471258914,0.873422110100852
959,36.0815504,140.079747,303.297232713607,-161.825143766071,1.94299763396548,0,0,-0.99933659888354,-0.002220922327075,2,2,0,0,1,-1,303.297232713607,-161.825143766071,302.950146188622,-160.957072259255,39.5666226245921,0.934888868674444
960,36.081556,140.0797252,301.336007169408,-161.201754617462,1.92396947190984,0,0,-0.999159902825656,0.013664233098587,2,2,0,0,1,-1,301.336007169408,-161.201754617462,300.79083342232,-160.369931417876,39.2053378384273,0.9945573135237
961,36.0815548,140.0796996,299.032916624696,-161.335338006393,1.95102641580742,0,0,-0.999087416259943,-0.013769336897451,2,2,0,0,1,-1,299.032916624696,-161.335338006393,298.47828523634,-160.490773060725,38.985494087349,1.01039889370573
962,36.0815639,140.0796705,296.414950417647,-160.322330640201,1.93532508492234,0,0,-0.999417396020717,0.003429291769162,2,2,0,0,1,-1,296.414950417647,-160.322330640201,295.801089562722,-159.787014263915,38.3719756087709,0.814486815074236
963,36.0815641,140.0796632,295.758209754796,-160.300066741782,1.91499138734588,0,0,-0.999635667740529,-0.00480385708396,2,2,0,0,1,-1,295.758209754796,-160.300066741782,295.167994997491,-159.5947266106,38.463121030494,0.919705474810466
964,36.0815676,140.0796416,293.814977106977,-159.910448524198,1.90581658984491,0,0,-0.99963867123107,0.000281015501096,2,2,0,0,1,-1,293.814977106977,-159.910448524198,293.322076888444,-159.23273598397,38.2725622831965,0.838000544517642
965,36.0815646,140.0796191,291.790776431845,-160.244406996526,1.91395607580259,0,0,-0.999395538905052,-0.01544715991146,2,2,0,0,1,-1,291.790776431845,-160.244406996526,291.281795499228,-159.443155706845,38.1842507481507,0.949244551726835
966,36.0815652,140.0796152,291.439914981864,-160.177615302061,1.92134482532303,0,0,-0.999317436814064,-0.017050122920996,2,2,0,0,1,1,291.439914981864,-160.177615302061,291.139418102938,-159.538250677055,38.1138548658613,0.706459834635207
968,36.081566,140.0796144,291.367943401463,-160.088559709967,1.9294181332949,0,0,-0.854999576651133,-0.518056181766681,2,2,0,0,1,-1,291.367943401463,-160.088559709967,290.973190225621,-159.549627733479,37.967216736404,0.668040227170432
969,36.0815671,140.0796142,291.349950505084,-159.966108269455,1.90150624688127,0,0,-0.474544940332498,-0.879990894175442,2,2,0,0,1,-1,291.349950505084,-159.966108269455,290.981722105828,-159.337416980421,38.0494969768203,0.728591031323899
970,36.0815685,140.0796518,294.732614745586,-159.810260982896,1.92014844002653,0,0,0.041910007772313,-0.998617317340642,2,2,0,0,1,-1,294.732614745586,-159.810260982896,294.46508662322,-159.409955323632,38.2369887081356,0.481472654565962
971,36.081558,140.0796901,298.178254117021,-160.979115635647,1.95243100832114,0,0,0.061972924409894,-0.997650748439172,2,2,0,0,1,-1,298.178254117021,-160.979115635647,298.331197042633,-160.468693225818,38.9565999577373,0.532843856068746
972,36.0815527,140.0797398,302.649488497667,-161.569108937418,1.95896664258111,0,0,-0.000136041778104,-0.999435461168742,2,2,0,0,1,-1,302.649488497667,-161.569108937418,302.30694942153,-161.242012600386,39.0239769854116,0.473629636298989
973,36.0815529,140.0797831,306.544950240217,-161.546845038999,1.9528741563117,0,0,-0.1571787604116,-0.987050137207602,2,2,0,0,1,-1,306.544950240217,-161.546845038999,306.362211949895,-161.198701528007,39.5147891450816,0.39318848787293
974,36.0815491,140.0798293,310.701308961082,-161.969859104211,1.93995279193499,0,0,0.052084092752767,-0.998075021404506,2,2,0,0,1,-1,310.701308961082,-161.969859104211,310.363868870532,-161.72081516626,39.7926366151947,0.419390865114163
975,36.0815492,140.0798405,311.708911073914,-161.958727155002,1.93869389977636,0,0,-0.177364208686042,-0.98374027936844,2,2,0,0,1,1,311.708911073914,-161.958727155002,311.37994110295,-161.754938400895,39.8591198638994,0.386976870235061
977,36.0815557,140.0798573,313.220314244441,-161.23515046509,1.86250217210052,0,0,-0.472671417496725,-0.880818782380739,2,2,0,0,1,-1,313.220314244441,-161.23515046509,312.906808716198,-160.799184076428,40.1842259036133,0.536984551251072
978,36.0815779,140.0798951,316.620971378764,-158.763857769075,1.68103413659374,0,0,-0.146348394347991,-0.988696318829743,2,2,0,0,1,-1,316.620971378764,-158.763857769075,316.390478137125,-158.824324376225,40.0146525301649,0.238292561825809
979,36.0815929,140.0799363,320.327507725958,-157.094065407437,1.50805801445784,0,0,-0.186233928536838,-0.981948644918574,2,2,0,0,1,-1,320.327507725958,-157.094065407437,319.961500274151,-156.92991705878,40.4395833154337,0.401131069782026
980,36.0816056,140.0799742,323.737161307192,-155.680307874451,1.35650464320424,0,0,-0.304661435127776,-0.952119799368048,2,2,0,0,1,-1,323.737161307192,-155.680307874451,323.814873281331,-155.301281307876,41.1214662674348,0.38691121603577
981,36.0816243,140.0800125,327.182800678627,-153.59863339602,1.15958133041379,0,0,-0.305357284185297,-0.951872440520125,2,2,0,0,1,-1,327.182800678627,-153.59863339602,327.291284295065,-153.143915521757,41.4554679777961,0.467479454318232
982,36.0816492,140.0800582,331.294177162381,-150.826778075305,0.950374798571317,0,0,-0.358854963766514,-0.933206359407827,2,2,0,0,1,-1,331.294177162381,-150.826778075305,330.527402835031,-150.687066288932,41.0687169777558,0.779398647891459
983,36.0816718,140.0800939,334.505908898791,-148.310957584034,0.826581640110632,0,0,-0.357613389682636,-0.93364786490392,2,2,0,0,1,-1,334.505908898791,-148.310957584034,333.885459076049,-148.44576885776,41.1102123201675,0.63492681630595
984,36.0816948,140.0801291,337.672658400646,-145.750609295134,0.676177147218588,0,0,-0.364086965787593,-0.931201310793129,2,2,0,0,1,-1,337.672658400646,-145.750609295134,336.754255804429,-145.649382020228,41.4115755824854,0.92396444191552
985,36.0817215,140.0801672,341.100304878259,-142.778378891023,0.594779996005303,0,0,-0.386919782977118,-0.922007688460505,2,2,0,0,1,-1,341.100304878259,-142.778378891023,340.19524795442,-143.517297360841,40.8914941324217,1.16838715348549
986,36.0817446,140.0801994,343.997160954889,-140.206898653704,0.437288389427835,0,0,-0.388600746998497,-0.921232598952272,2,2,0,0,1,-1,343.997160954889,-140.206898653704,343.204627375014,-140.638072275519,41.4152241075153,0.902230661958545
987,36.0817694,140.0802327,346.992977952652,-137.446175282199,0.289272053450428,0,0,-0.385554153110264,-0.922444555284547,2,2,0,0,1,-1,346.992977952652,-137.446175282199,346.420271734637,-138.16400940603,41.4485754263717,0.918301824830968
988,36.0817957,140.0802672,350.096752321017,-134.518472674134,0.119489558194406,0,0,-0.411231597752791,-0.911314639692912,2,2,0,0,1,-1,350.096752321017,-134.518472674134,349.285020926373,-135.274489781544,41.5267625168469,1.10926539824581
989,36.0818154,140.0803029,353.308484059983,-132.325478705981,0.008199887804777,0,0,-0.461317499807974,-0.88698743388277,2,2,0,0,1,-1,353.308484059983,-132.325478705981,352.634556019114,-132.939057948757,41.9681799414224,0.911404680388706
990,36.0818462,140.0803289,355.647560394896,-128.89683838903,-0.068181238214317,0,0,-0.355411748971639,-0.934546243671712,2,2,0,0,1,-1,355.647560394896,-128.89683838903,355.097333453826,-129.708944786771,41.9516317952666,0.980951827528557
991,36.0818698,140.080363,358.715348975617,-126.269698406455,-0.078283819103299,0,0,-0.467920534392675,-0.883560930868361,2,2,0,0,1,-1,358.715348975617,-126.269698406455,358.086774299307,-127.015455439737,42.2125564054464,0.975325420763947
992,36.081894,140.0803998,362.026041633161,-123.575766729416,-0.157148985829032,0,0,-0.310828905991874,-0.950204070963029,2,2,0,0,1,-1,362.026041633161,-123.575766729416,361.257254271872,-124.455824178885,42.2936684896717,1.16856113286576
993,36.0819018,140.0804414,365.768563770555,-122.707474701364,-0.160447659884269,0,0,-0.156789695392578,-0.987309053224016,2,2,0,0,1,-1,365.768563770555,-122.707474701364,365.123894217293,-123.374167977174,42.9101954445274,0.927404311459755
994,36.0819014,140.0804847,369.664025515662,-122.75200249741,-0.108758640701183,0,0,-0.081819843039336,-0.996308257361032,2,2,0,0,1,-1,369.664025515662,-122.75200249741,369.164517336591,-123.19044959951,43.5973534085527,0.664638459839656
995,36.081898,140.0805305,373.78439844377,-123.130488766576,-0.051935903356651,0,0,-0.061852392288446,-0.997645836171604,2,2,0,0,1,-1,373.78439844377,-123.130488766576,373.26985775728,-123.526039420907,44.0899743520339,0.64900881210912
996,36.0819011,140.0805755,377.832799794033,-122.785398345039,-0.009461987489537,0,0,-0.111406038625879,-0.993424726260907,2,2,0,0,1,-1,377.832799794033,-122.785398345039,377.301290707262,-123.074790726012,44.6088739444209,0.605185805753486
997,36.0819005,140.08062,381.836218907185,-122.852190039504,0.069846754764132,0,0,-0.058375478847515,-0.997942398062512,2,2,0,0,1,-1,381.836218907185,-122.852190039504,381.352824406306,-123.261217156926,44.9494909626211,0.633224625442977
998,36.0818963,140.080663,385.704691309003,-123.319731900763,0.14382701788985,0,0,0.013422204216815,-0.999367050770619,2,2,0,0,1,-1,385.704691309003,-123.319731900763,385.345252111783,-123.679093373826,45.4743362800382,0.508268831250331
999,36.0818852,140.0807065,389.618145947932,-124.555378248771,0.235997829772976,0,0,0.146850113955729,-0.988377261767041,2,2,0,0,1,-1,389.618145947932,-124.555378248771,389.260090107274,-124.736710430583,46.1069430692399,0.401354388527648
1000,36.0818828,140.0807543,393.918447827043,-124.822545026633,0.310689012441114,0,0,0.153050179996955,-0.987169074982428,2,2,0,0,1,-1,393.918447827043,-124.822545026633,393.309968687288,-125.008783400964,46.4899695966884,0.636342357217924
1001,36.0818748,140.080795,397.580001937124,-125.713100952312,0.430836864312148,0,0,-0.100746332902919,-0.994145814346022,2,2,0,0,1,-1,397.580001937124,-125.713100952312,397.288561013522,-125.660904860487,47.2504366503289,0.296078104479141
1002,36.0818666,140.0808384,401.484460129143,-126.625920777202,0.517900990376261,0,0,0.102864145582856,-0.993686120187777,2,2,0,0,1,-1,401.484460129143,-126.625920777202,401.259402862292,-126.242374617914,48.0379335619646,0.444700381905122
1003,36.0818699,140.0808839,405.577843716518,-126.258566457246,0.563700220256874,0,0,-0.009386887578769,-0.999086036432709,2,2,0,0,1,-1,405.577843716518,-126.258566457246,405.261177758557,-125.944042004571,48.3735702476109,0.446321588389087
1004,36.0818594,140.0809267,409.428323221956,-127.427421110788,0.660074043412586,0,0,-0.058048067388977,-0.997476954271218,2,2,0,0,1,-1,409.428323221956,-127.427421110788,409.202467286106,-126.821268986876,49.1351535165285,0.646862660139052
1005,36.0818611,140.0809746,413.737621547978,-127.238177976601,0.70421425811575,0,0,-0.323696831466374,-0.945674163854403,2,2,0,0,1,-1,413.737621547978,-127.238177976601,413.287290223485,-126.550093687283,49.5986160796062,0.822349251246549
1006,36.0818762,140.0810144,417.318207630748,-125.557253665753,0.627168626960706,0,0,-0.370643950198061,-0.928149965629866,2,2,0,0,1,-1,417.318207630748,-125.557253665753,417.012299923058,-124.782163740032,50.0655483208007,0.833273015631048
1007,36.0819081,140.0810388,419.513340807414,-122.00616190908,0.35397107472416,0,0,-0.68345686869732,-0.729484637884999,2,2,0,0,1,-1,419.513340807414,-122.00616190908,419.019015339944,-121.301970874932,50.0673497299162,0.860373570238016
1008,36.0819445,140.0810454,420.107106339332,-117.954132444311,0.107453074532996,0,0,-0.743636514127384,-0.66820631169345,2,2,0,0,1,-1,420.107106339332,-117.954132444311,419.785593048524,-117.32928794438,49.9909816372674,0.702710071978279
1009,36.0819662,140.0810473,420.278038840867,-115.538499494343,-0.103499421180765,0,0,-0.725339744137515,-0.687918637760801,2,2,0,0,1,1,420.278038840867,-115.538499494343,419.897255657901,-114.902788719131,49.931040151506,0.741029029222141
1011,36.0819768,140.081052,420.700871871249,-114.358512891591,-0.245690757542677,0,0,-0.652949052003981,-0.756380923878062,2,2,0,0,1,-1,420.700871871249,-114.358512891591,420.185905288812,-113.296040916919,50.3095244366062,1.18069355803705
1012,36.0820063,140.081058,421.240658716588,-111.074587913571,-0.456905372490471,0,0,-0.718155719699771,-0.695615652899902,2,2,0,0,1,1,421.240658716588,-111.074587913571,420.93292714729,-109.82317144465,50.5201695338946,1.28869775255105
1014,36.0820097,140.0810549,420.961768847008,-110.696101644406,-0.48587608039502,0,0,-0.717491847047318,-0.696173436467188,2,2,0,0,1,-1,420.961768847008,-110.696101644406,420.957218989278,-109.283630112663,50.7232355217751,1.41247885973148
1015,36.082047,140.0810605,421.465569904702,-106.543884638334,-0.69777027665133,0,0,-0.632611749435464,-0.774065027772171,2,2,0,0,1,-1,421.465569904702,-106.543884638334,421.469339881156,-105.166355591528,50.6339922690817,1.37753420557008
1016,36.0820835,140.0810648,421.852417144884,-102.480723224355,-0.964226986471074,0,0,-0.628176257986641,-0.777949368084593,2,2,0,0,1,-1,421.852417144884,-102.480723224355,421.846218337024,-101.134135238714,50.5368489214339,1.34660225318833
1017,36.0820939,140.0810786,423.093926890184,-101.323000520022,-1.03351173956408,0,0,-0.146003579902472,-0.988766885786032,2,2,0,0,1,-1,423.093926890184,-101.323000520022,423.151845235905,-99.9358419990265,50.7011593786015,1.38836713341315
1018,36.0820926,140.0811247,427.241289164139,-101.467715858163,-1.01934715854289,0,0,0.088626914545516,-0.99512214976134,2,2,0,0,1,-1,427.241289164139,-101.467715858163,427.197391154069,-99.9965258740986,51.215613632865,1.47184476236399
1019,36.0820863,140.0811658,430.938829061864,-102.169028649655,-0.974866125937473,0,0,-0.065047642786359,-0.997161610047825,2,2,0,0,1,-1,430.938829061864,-102.169028649655,431.154186093521,-100.601930802803,51.8067011622207,1.58182625869373
1020,36.0820857,140.0812138,435.257123837354,-102.235820344121,-0.921289654531692,0,0,-0.061256228010015,-0.997469083057754,2,2,0,0,1,-1,435.257123837354,-102.235820344121,435.242523247632,-100.575687841402,52.3114362724272,1.66019670635823
1021,36.0820812,140.0812592,439.341510977818,-102.736758053008,-0.877534180623194,0,0,0.002123341806802,-0.999308615455377,2,2,0,0,1,-1,439.341510977818,-102.736758053008,439.319097373444,-101.041271482005,52.8078422321574,1.69563471364288
1022,36.0820773,140.0813054,443.497869696126,-103.170904066638,-0.820102420111996,0,0,0.11132579432511,-0.992898606542796,2,2,0,0,1,-1,443.497869696126,-103.170904066638,443.443865607882,-101.381654741429,53.3603938957151,1.79006412994325
1023,36.0820699,140.0813494,447.456306572167,-103.994668298643,-0.726155840537274,0,0,0.039572345005763,-0.998613304804662,2,2,0,0,1,-1,447.456306572167,-103.994668298643,447.413311133389,-102.113991186333,53.9100253782735,1.8811685220955
1024,36.0820728,140.0813936,451.432736342029,-103.671841775525,-0.707440515876881,0,0,0.015924107455371,-0.999329294980263,2,2,0,0,1,-1,451.432736342029,-103.671841775525,451.405638325914,-101.604018305468,54.527269452758,2.06800101687495
1025,36.0820702,140.0814396,455.571102166516,-103.961272451806,-0.697696380990361,0,0,0.062681366773035,-0.997373817752733,2,2,0,0,1,-1,455.571102166516,-103.961272451806,455.454219472416,-101.878810664822,54.9832185882682,2.08573935534365
1026,36.0820692,140.0814847,459.628499966247,-104.072591942318,-0.633461103385474,0,0,-0.082283199522293,-0.995842723221328,2,2,0,0,1,-1,459.628499966247,-104.072591942318,459.563812745419,-101.912087984002,55.5249976809955,2.16147213501342
1027,36.0820668,140.0815275,463.478979471686,-104.33975872018,-0.597850548782055,0,0,-0.037951978094178,-0.998515504373636,2,2,0,0,1,-1,463.478979471686,-104.33975872018,463.572696012939,-102.059657532121,56.1157377210227,2.28202634031591
1028,36.0820623,140.0815722,467.50039147866,-104.840696429067,-0.537575077557236,0,0,0.008885819971482,-0.999275380801693,2,2,0,0,1,-1,467.50039147866,-104.840696429067,467.646980679494,-102.484394430037,56.6611951585289,2.36085736638952
1029,36.0820553,140.0816142,471.278899406254,-105.619932864235,-0.468161546913412,0,0,0.241917056269093,-0.969614205019139,2,2,0,0,1,-1,471.278899406254,-105.619932864235,471.640631761458,-103.205661610694,57.2121204747473,2.44122018312016
1030,36.0820548,140.0816591,475.318304309607,-105.675592609491,-0.47524414037948,0,0,0.003612862814925,-0.999379509926167,2,2,0,0,1,-1,475.318304309607,-105.675592609491,475.649095535835,-103.122312075386,57.7869852632809,2.57461925751871
1031,36.0820534,140.0817065,479.582620398517,-105.831439896841,-0.477844175845139,0,0,0.113627764053438,-0.99300493158772,2,2,0,0,1,-1,479.582620398517,-105.831439896841,479.801774139159,-103.077668467816,58.4277417385994,2.76247813481846
1032,36.0820488,140.0817484,483.352131876644,-106.343509554937,-0.455189525945982,0,0,0.006469499778133,-0.999520486621537,2,2,0,0,1,-1,483.352131876644,-106.343509554937,483.762716657956,-103.64559612577,58.8545791979599,2.72897723221081
1033,36.0820506,140.0817946,487.508490597509,-106.14313447154,-0.449902651589269,0,0,0.032164574277558,-0.999062565345003,2,2,0,0,1,-1,487.508490597509,-106.14313447154,487.809360388023,-103.528002648134,59.2023917685667,2.63238239711458
1034,36.0820502,140.0818387,491.47592392046,-106.187662267587,-0.486825287284309,0,0,-0.049113393897595,-0.998399147894767,2,2,0,0,1,-1,491.47592392046,-106.187662267587,491.849543159815,-103.735336609244,59.5057111890692,2.48062340361929
1035,36.0820528,140.0818855,495.686261325348,-105.898231591306,-0.473835148841839,0,0,-0.054437037215488,-0.998000067394455,2,2,0,0,1,-1,495.686261325348,-105.898231591306,495.951035395265,-103.66296547049,59.7285890119489,2.25089314250359
1036,36.0820521,140.0819336,500.013552545192,-105.976155234981,-0.484543781502336,0,0,-0.020935252406332,-0.999363437211206,2,2,0,0,1,-1,500.013552545192,-105.976155234981,500.015690694667,-104.164516572905,59.7343497250133,1.81163992382964
1037,36.0820554,140.0819799,504.178907712968,-105.608800915025,-0.508780080144206,0,0,0.05422020252195,-0.997972435516085,2,2,0,0,1,-1,504.178907712968,-105.608800915025,504.065336587381,-104.104089381915,59.8630192550263,1.50899145075145
1038,36.0820532,140.0820269,508.407238011677,-105.853703795259,-0.533243102633839,0,0,-0.043580736867077,-0.998714620067199,2,2,0,0,1,-1,508.407238011677,-105.853703795259,508.07640296252,-104.612556926831,60.0293303915229,1.28448331198247
1039,36.0820552,140.0820721,512.47363225832,-105.631064813444,-0.582005212523346,0,0,-6.94135731928417E-05,-0.999425449819934,2,2,0,0,1,-1,512.47363225832,-105.631064813444,512.092123143736,-104.814707630142,60.0530317600174,0.901103909235982
1040,36.0820543,140.0821199,516.773934134873,-105.731252355538,-0.556291604490698,0,0,0.099497887321152,-0.994546209384673,2,2,0,0,1,-1,516.773934134873,-105.731252355538,516.114453762081,-105.352661446561,60.0414491744739,0.76042451200578
1041,36.0820511,140.0821662,520.93928930265,-106.087474725493,-0.625651492277579,0,0,-0.153926006033353,-0.987586930711475,2,2,0,0,1,-1,520.93928930265,-106.087474725493,520.073067877702,-105.940134870472,60.2387609678134,0.878662955812152
1042,36.082052,140.0822134,525.185612497738,-105.987287184191,-0.643221955439241,0,0,0.036446533257033,-0.998815036452015,2,2,0,0,1,-1,525.185612497738,-105.987287184191,524.173398077785,-106.227067310039,60.299337935832,1.04022715822736
1043,36.0820527,140.0822607,529.440932139737,-105.909363540516,-0.676359893728206,0,0,0.004358122712658,-0.999372036607293,2,2,0,0,1,-1,529.440932139737,-105.909363540516,528.230084046933,-106.517857940011,60.3672309420503,1.35514520921752
1044,36.0820543,140.0823089,533.777219806492,-105.731252355538,-0.721526528067033,0,0,-0.143265382754413,-0.989256656231144,2,2,0,0,1,-1,533.777219806492,-105.731252355538,532.30279914227,-106.688152179022,60.4475901614268,1.75771828438655
1045,36.0820563,140.0823541,537.843614053134,-105.508613373722,-0.782838870757667,0,0,-0.037749150311084,-0.998757438007659,2,2,0,0,1,-1,537.843614053134,-105.508613373722,536.357241524513,-106.712829548283,60.6539839426385,1.9129662539924
1046,36.0820535,140.0824028,542.224883957,-105.820307947631,-0.830938196176343,0,0,-0.019740283570896,-0.999506186846362,2,2,0,0,1,-1,542.224883957,-105.820307947631,540.405160402567,-107.193655890421,60.9093757129527,2.27979788282292
1047,36.0820552,140.0824479,546.282281756731,-105.631064813444,-0.855016238509745,0,0,0.083327490065031,-0.996031223238234,2,2,0,0,1,-1,546.282281756731,-105.631064813444,544.445495692032,-107.497135273092,60.8754554240165,2.61839683925942
1048,36.0820573,140.0824955,550.564590739463,-105.39729388321,-0.880777655879337,0,0,0.045896776065863,-0.998234828856859,2,2,0,0,1,-1,550.564590739463,-105.39729388321,548.567609497723,-107.684977371249,60.903295117266,3.03668072429577
1049,36.0820531,140.0825431,554.846899722196,-105.864835744469,-0.924922109854418,0,0,0.058198107730211,-0.997718989852939,2,2,0,0,1,-1,554.846899722196,-105.864835744469,552.604301745587,-108.413367067258,61.0827808351635,3.39473969369167
1050,36.0820552,140.0825912,559.174190944596,-105.631064813444,-1.01506435207928,0,0,-0.103271981495498,-0.994118268246224,2,2,0,0,1,-1,559.174190944596,-105.631064813444,556.723347659731,-108.451943169167,61.25218174116,3.73684191594337
1051,36.0820571,140.0826368,563.276570978882,-105.419557780838,-1.04561501416733,0,0,-0.042809292140675,-0.998567309882442,2,2,0,0,1,-1,563.276570978882,-105.419557780838,560.767439816809,-108.541385880085,61.4015219674071,4.00519036622869
1052,36.0820596,140.0826848,567.594865751815,-105.141259053767,-1.13356750310336,0,0,-0.007597648723864,-0.99942949646944,2,2,0,0,1,-1,567.594865751815,-105.141259053767,564.907542951712,-108.499557969879,61.6118767808515,4.30114815391313
1053,36.0820595,140.0827319,571.832192499992,-105.152391002976,-1.24613760300176,0,0,-0.373415149160956,-0.927414951702505,2,2,0,0,1,-1,571.832192499992,-105.152391002976,568.990935715473,-108.263628564837,62.2971502648923,4.21337623313035
1054,36.0820918,140.0827489,573.36158856434,-101.556771450256,-1.50251602105483,0,0,-0.764559078461666,-0.643903528679645,2,2,0,0,1,-1,573.36158856434,-101.556771450256,570.478972513086,-104.5498486582,62.5171785786958,4.15547668404728
1055,36.0821239,140.082757,574.090300807592,-97.9834157959549,-1.8210941171156,0,0,-0.77124408289397,-0.636014542934573,2,2,0,0,1,-1,574.090300807592,-97.9834157959549,571.228032268145,-100.538013600075,62.9776033777867,3.83647639543391
1056,36.0821518,140.0827616,574.504137391064,-94.8776020029125,-2.12370318601789,0,0,-0.62933872968299,-0.776679704062109,2,2,0,0,1,-1,574.504137391064,-94.8776020029125,571.389874410245,-96.5280168815424,63.8218930760829,3.52455716158834
1057,36.0821806,140.0827668,574.971952658558,-91.6716006677762,-2.40687068711577,0,0,-0.708248295308499,-0.705566589256315,2,2,0,0,1,-1,574.971952658558,-91.6716006677762,571.721465821803,-92.4352615920784,64.6822683474568,3.33898827239919
1058,36.0822114,140.0827634,574.666073445688,-88.2429603516156,-2.72253129471492,0,0,-0.73877041727856,-0.673434291314927,2,2,0,0,1,-1,574.666073445688,-88.2429603516156,571.862920718663,-88.3977805254268,65.279672279866,2.80742488719541
1059,36.0822531,140.082764,574.72005212971,-83.600937585866,-2.99665612418483,0,0,-0.740569262058245,-0.671492110628973,2,2,0,0,1,1,574.72005212971,-83.600937585866,572.259160795343,-84.9411052480514,64.1158616236737,2.80214837621642
1060,36.0822594,140.0827638,574.702059233331,-82.8996247935826,-3.04474713766528,0,0,-0.674866339113124,-0.737366613569221,2,2,0,0,1,-1,574.702059233331,-82.8996247935826,572.322885523951,-84.3993510076864,63.9613520411779,2.8124093330587
1061,36.0822898,140.0827611,574.459155153952,-79.5155122734686,-3.3585809464585,0,0,-0.855418740552903,-0.516635028757492,2,2,0,0,1,-1,574.459155153952,-79.5155122734686,572.366403421243,-80.3249038724789,64.6201560145964,2.2438191939872
1062,36.0822932,140.0827376,572.344990004597,-79.1370260050943,-3.4460321583167,0,0,-0.998908418016845,-0.007551041431807,2,2,0,0,1,-1,572.344990004597,-79.1370260050943,570.369460237574,-78.7559366948391,65.5707245116565,2.01195102395322
1063,36.0822925,140.0827344,572.057103685549,-79.2149496479782,-3.44783588612546,0,0,-0.999066449946645,0.009275516756214,2,2,0,0,1,-1,572.057103685549,-79.2149496479782,570.261140338183,-78.7384386202857,65.6627943587055,1.8581030931027
1064,36.0822883,140.0827154,570.347778670198,-79.6824915092369,-3.37607104819569,0,0,-0.835926550580707,0.545913381639328,2,2,0,0,1,-1,570.347778670198,-79.6824915092369,568.907616663408,-79.1580918299835,65.5832131643041,1.53266487837427
1065,36.0822822,140.0827137,570.194839065042,-80.3615404031016,-3.34530098227891,0,0,-0.416377503889238,0.907794531071098,2,2,0,0,1,-1,570.194839065042,-80.3615404031016,568.993903900084,-79.7901469142721,65.6629376831432,1.32993826530016
1066,36.0822683,140.0827536,573.784421594723,-81.9088813258091,-3.25445890377723,0,0,-0.820535549404776,0.568576524256872,2,2,0,0,1,-1,573.784421594723,-81.9088813258091,572.364305247437,-81.6527310774404,65.7393662360408,1.44303270564681
1067,36.0822439,140.0827657,574.872991734867,-84.6250769004768,-2.9378552449356,0,0,-0.751622333004521,0.657315756252535,2,2,0,0,1,-1,574.872991734867,-84.6250769004768,572.562781331145,-85.6987780274642,64.4342301032614,2.54752943448328
1068,36.0822226,140.0827585,574.225247518927,-86.9961820543984,-2.63067505161101,0,0,-0.748840781687577,0.660865526132982,2,2,0,0,1,-1,574.225247518927,-86.9961820543984,571.9547225274,-89.70671423698,62.7885761934194,3.53585469864884
1069,36.0821976,140.0827539,573.811410938012,-89.7791693243227,-2.33236970946685,0,0,-0.778018854403145,0.62659343782918,2,2,0,0,1,-1,573.811410938012,-89.7791693243227,571.632749164598,-93.7521781118879,61.5588310464074,4.53115503475741
1070,36.0821917,140.0827485,573.32560277414,-90.4359543205595,-2.23137089205015,0,0,-0.705711111030088,0.706556037769455,2,2,0,0,1,1,573.32560277414,-90.4359543205595,571.446810126314,-95.0199956810371,60.9731419954246,4.95411919599147
1071,36.082175,140.0827499,573.451553038563,-92.2949898163848,-2.02840426701358,0,0,-0.723649254322858,0.688293483890805,2,2,0,0,1,-1,573.451553038563,-92.2949898163848,570.877821147462,-97.7597692971,60.0171994144199,6.04052237973823
1072,36.0821304,140.0827463,573.127680931872,-97.2598391060435,-1.75807903039194,0,0,-0.741818185898868,0.668878641772913,2,2,0,0,1,-1,573.127680931872,-97.2598391060435,570.597869779645,-101.769997212922,61.0044996577906,5.17121558388073
1073,36.0820466,140.0828068,578.570531635149,-106.58841243438,-1.71929094776382,0,0,-0.740743731123263,0.669883358270823,2,2,0,0,1,1,578.570531635149,-106.58841243438,570.603873934874,-101.887555885717,69.9841568858496,9.25017227971806
1075,36.0819984,140.0827975,577.733862023852,-111.954011890832,-1.44119674156383,0,0,-0.723523195814065,0.688182879920698,2,2,0,0,1,-1,577.733862023852,-111.954011890832,569.924739741639,-105.828376794241,71.359125991222,9.92500862242211
1076,36.0820235,140.0827501,573.469545934942,-109.159892671698,-1.20584644330383,0,0,-0.972316230769021,0.230252918811424,2,2,0,0,1,-1,573.469545934942,-109.159892671698,568.27563797019,-108.354661378878,65.9551984831414,5.25595637170316
1077,36.0820302,140.0827323,571.868178290193,-108.414052083368,-1.15590421426081,0,0,-0.999208949019582,-0.003530918453373,2,2,0,0,1,-1,571.868178290193,-108.414052083368,566.784509295336,-108.621064403753,64.7854955997544,5.08788212816046
1078,36.0820368,140.0827138,570.203835511953,-107.679343444247,-1.15726755961567,0,0,-0.998829576035098,0.005393698465984,2,2,0,0,1,-1,570.203835511953,-107.679343444247,565.495913442542,-108.273821454056,64.2707527725094,4.74530655656666
1079,36.0820395,140.0826863,567.729812465706,-107.378780818757,-1.11099210238621,0,0,-0.99938662439196,-0.005374373170834,2,2,0,0,1,-1,567.729812465706,-107.378780818757,563.268482395714,-108.491864306654,63.5209701645124,4.59808882520142
1080,36.0820477,140.0826704,566.299377319935,-106.465960994659,-1.06367974376017,0,0,-0.998898839271074,0.01580900563128,2,2,0,0,1,-1,566.299377319935,-106.465960994659,561.738193509057,-108.239262879317,62.6798174420074,4.89377127895743
1081,36.0820523,140.0826484,564.320158881915,-105.953891336562,-1.06601150570348,0,0,-0.999239833996182,-0.004523377464856,2,2,0,0,1,-1,564.320158881915,-105.953891336562,559.73866694392,-108.329125171487,61.8539567052482,5.16060114216152
1082,36.0820604,140.0826269,562.385922681006,-105.052203461673,-1.04856660298779,0,0,-0.9996742878325,0.002894330002771,2,2,0,0,1,-1,562.385922681006,-105.052203461673,557.942603138096,-108.075835964469,61.0106207579192,5.37451784557115
1083,36.0820636,140.082601,560.055842793004,-104.695981090927,-0.973676796412509,0,0,-0.999388867290825,-0.01316457933587,2,2,0,0,1,-1,560.055842793004,-104.695981090927,555.602730589131,-108.152564201122,60.3158003406384,5.637213416039
1084,36.0820685,140.0825852,558.634404096701,-104.150515585993,-0.981151650883613,0,0,-0.999238344238522,0.000912226630062,2,2,0,0,1,-1,558.634404096701,-104.150515585993,554.062082533749,-107.948246086554,59.7909175398399,5.94381034605957
1085,36.0820688,140.0825592,556.295327761789,-104.117119738365,-0.964468751050835,0,0,-0.999503372227101,-0.009111567077693,2,2,0,0,1,-1,556.295327761789,-104.117119738365,551.690592703143,-108.125207465217,59.3144267261008,6.10478109242816
1086,36.0820797,140.0825238,553.110585366112,-102.903737288776,-0.909195303001939,0,0,-0.999201040996048,0.015304568502738,2,2,0,0,1,-1,553.110585366112,-102.903737288776,548.744531387001,-107.228083519093,58.6713885337816,6.14511168882721
1087,36.0820801,140.0825066,551.563196405385,-102.859209492729,-0.906800264380465,0,0,-0.999404963718349,-0.000160890022415,2,2,0,0,1,-1,551.563196405385,-102.859209492729,547.067924784491,-107.392946020311,58.2670293383767,6.38453082435494
1088,36.0820834,140.0824796,549.134155596249,-102.491855172773,-0.895173320082098,0,0,-0.998973151521236,0.0044728779907,2,2,0,0,1,-1,549.134155596249,-102.491855172773,544.795670912911,-107.103207071414,57.941137966192,6.33143077674059
1089,36.0820846,140.0824548,546.903036629382,-102.358271783842,-0.848368698750754,0,0,-0.999283306439343,-0.002925372317839,2,2,0,0,1,-1,546.903036629382,-102.358271783842,542.572603309506,-107.082947020819,57.5783999818699,6.4089943698515
1090,36.0820897,140.0824225,543.997184105842,-101.790542381281,-0.866778595285246,0,0,-0.999258044416523,0.00196360511139,2,2,0,0,1,-1,543.997184105842,-101.790542381281,539.695874758873,-106.234421647287,57.5244457980142,6.18460387002769
1091,36.0820905,140.0824129,543.133525148698,-101.701486788396,-0.86674931885366,0,0,-0.999292037323296,-0.009048813988537,2,2,0,0,1,-1,543.133525148698,-101.701486788396,538.935733191436,-106.126673343544,57.4637471416291,6.09948631970926
1092,36.0820915,140.0824011,542.071944351844,-101.590167297884,-0.830411325403679,0,0,-0.999039750893178,0.020088724564462,2,2,0,0,1,-1,542.071944351844,-101.590167297884,537.797171828354,-106.103828477721,57.2413484011511,6.21665644651121
1093,36.0820895,140.0823774,539.93978630611,-101.8128062797,-0.795120966487614,0,0,-0.999222504169602,-0.003598252668782,2,2,0,0,1,-1,539.93978630611,-101.8128062797,535.837449436035,-106.251667832507,57.111037044893,6.04422531682685
1094,36.0820945,140.0823546,537.888596290246,-101.256208825557,-0.790240526878103,0,0,-0.999158862211344,0.007085473920607,2,2,0,0,1,-1,537.888596290246,-101.256208825557,533.633080735745,-105.797264340744,56.7426214342008,6.22339118380035
1095,36.0820915,140.0823109,533.957148754938,-101.590167297884,-0.74097420219724,0,0,-0.999787338419408,-0.007822249223756,2,2,0,0,1,-1,533.957148754938,-101.590167297884,529.797544446106,-106.105336518492,56.3493070809893,6.13914172313815
1096,36.0820976,140.0822897,532.049901897319,-100.91111840402,-0.758061326207323,0,0,-0.99925896759736,0.010399020166426,2,2,0,0,1,-1,532.049901897319,-100.91111840402,527.821346835866,-105.403253995321,56.1340445193268,6.16927549055621
1097,36.0820998,140.0822657,529.890754510853,-100.666215523785,-0.704344347066096,0,0,-0.999484988943992,-0.002101053666606,2,2,0,0,1,-1,529.890754510853,-100.666215523785,525.51877491249,-105.333291682635,55.688753732089,6.3949828366465
1098,36.0821018,140.082254,528.838170160909,-100.443576542761,-0.694694686282356,0,0,-0.999304135756079,0.002761913655481,2,2,0,0,1,-1,528.838170160909,-100.443576542761,524.613065092526,-105.242069719182,55.4657353882646,6.39351621590435
1099,36.0821011,140.0822334,526.984901987312,-100.521500186436,-0.679159989283466,0,0,-0.999314525526088,0.000182731992872,2,2,0,0,1,-1,526.984901987312,-100.521500186436,522.681549065605,-105.311497856041,55.2520505006161,6.43917106804839
1100,36.0821021,140.0822214,525.905328291522,-100.410180695133,-0.670693696639599,0,0,-0.999311113923937,0.018678162191656,2,2,0,0,1,-1,525.905328291522,-100.410180695133,521.528346408592,-105.196428206418,55.1187587501164,6.48584116694109
1101,36.0820998,140.0821938,518.98645880043,-105.574818630617,-0.626225300416951,0,0,-0.999179789369743,-0.004461819522962,2,2,0,0,1,-1,523.422308798365,-100.666215523785,518.98645880043,-105.574818630617,54.7121499359001,6.61597684885385
1102,36.0821076,140.0821501,515.071588050642,-104.91708142655,-0.617917418493461,0,0,-0.999374951579313,0.008516532179819,2,2,0,0,1,-1,519.490861265614,-99.7979234957335,515.071588050642,-104.91708142655,54.0533843965806,6.76282142816244
1103,36.0821073,140.0821288,513.216084422665,-105.16104494726,-0.577157596549094,0,0,-0.999428314526576,-0.001701903368839,2,2,0,0,1,-1,517.574617958527,-99.8313193433618,513.216084422665,-105.16104494726,53.6433291252731,6.8849683801803
1104,36.0821085,140.0821215,512.591848943569,-105.248480914843,-0.552267440634304,0,0,-0.999311326517236,0.001834354392258,2,2,0,0,1,-1,516.917877295676,-99.6977359544307,512.591848943569,-105.248480914843,53.3568084712834,7.03742075754889
1105,36.0821098,140.0820778,508.56745208554,-105.376398761374,-0.4870365338491,0,0,-0.999476760341504,-0.007428824918825,2,2,0,0,1,-1,512.986429762925,-99.5530206162902,508.56745208554,-105.376398761374,52.627318528384,7.31020497208304
1106,36.0821166,140.0820467,505.750819000163,-104.737490360412,-0.525287672919275,0,0,-0.999302565209519,0.001975007952593,2,2,0,0,1,-1,510.18853460743,-98.7960480787506,505.750819000163,-104.737490360412,52.1816916584552,7.4157977451716
1107,36.0821163,140.0820278,504.007502750539,-104.914635766412,-0.476235355491749,0,0,-0.999441935753892,-0.002050162516575,2,2,0,0,1,-1,508.48820603899,-98.8294439263789,504.007502750539,-104.914635766412,51.8417855360579,7.55686851077498
1108,36.0821203,140.082007,502.174021695016,-104.569724538492,-0.475718433076708,0,0,-0.998921100415635,0.026117277841906,2,2,0,0,1,-1,506.616944971571,-98.384165962748,502.174021695016,-104.569724538492,51.533391527521,7.61581920316637
1109,36.0821175,140.0819897,500.528024316848,-104.693411180035,-0.464543926007754,0,0,-0.998869154087697,-0.03919215773996,2,2,0,0,1,-1,505.060559561376,-98.6958605374478,500.528024316848,-104.693411180035,51.5305400922809,7.51761195149679
1110,36.0821225,140.0819747,499.195565704998,-104.635478258264,-0.434861037641059,0,0,-0.999061281661758,0.024698127589072,2,2,0,0,1,-1,503.711092445474,-98.1392630833048,499.195565704998,-104.635478258264,50.8842153284406,7.91143434171906
1111,36.0821231,140.0819607,498.014091089098,-104.544570217131,-0.458826811938791,0,0,-0.999311297561038,-0.004683975803727,2,2,0,0,1,-1,502.451589803795,-98.0724713888392,498.014091089098,-104.544570217131,50.7804677760278,7.84725799793208
1112,36.0821259,140.0819395,495.887684901364,-104.374533334839,-0.459140930082426,0,0,-0.999381733278982,0.002749804488514,2,2,0,0,1,-1,500.544342946176,-97.7607768141395,495.887684901364,-104.374533334839,50.3799735558944,8.08864880319357
1113,36.0821308,140.0818954,491.79224955497,-104.155922477292,-0.438737815823588,0,0,-0.999062834460908,0.026506160621995,2,2,0,0,1,-1,496.576909623224,-97.2153113092059,491.79224955497,-104.155922477292,49.5803935719963,8.430009214426
1114,36.0821313,140.0818885,491.176510935227,-104.119077630455,-0.439020469362181,0,0,-0.999335519225173,-0.006860113889613,2,2,0,0,1,-1,495.956154748017,-97.1596515639497,491.176510935227,-104.119077630455,49.4922439998072,8.44266582024264
1115,36.0821362,140.0818665,489.139782235126,-103.60351277667,-0.455946275510868,0,0,-0.999343895232346,0.014703931623172,2,2,0,0,1,-1,493.976936309997,-96.6141860590161,489.139782235126,-103.60351277667,49.2212094805983,8.49992632380752
1116,36.0821369,140.0818546,488.187663379109,-103.545674908905,-0.455597596445237,0,0,-0.999508968640857,-0.003075376846096,2,2,0,0,1,-1,492.906359063675,-96.5362624153412,488.187663379109,-103.545674908905,49.1024428898063,8.44973091100928
1117,36.0821335,140.0818311,486.316413018557,-103.339198972852,-0.46168806463921,0,0,-0.999355466929508,0.000987537673773,2,2,0,0,1,-1,490.79219391432,-96.9147486845065,486.316413018557,-103.339198972852,49.4916311667577,7.82982606028353
1118,36.0821303,140.0818184,485.52361647561,-103.342048972749,-0.457723778554864,0,0,-0.999557834611717,-0.001452713374763,2,2,0,0,1,-1,489.649645090153,-97.2709710552529,485.52361647561,-103.342048972749,49.784848643398,7.34044271201234
1119,36.0821303,140.0818184,485.393602350383,-103.335327300568,-0.454130854675998,0,0,-0.999535883917358,0.000408162999321,2,2,0,0,1,-1,489.649645090153,-97.2709710552529,485.393602350383,-103.335327300568,49.7653740557674,7.40879993472905
1120,36.0821303,140.0818184,485.384065599056,-103.326238710281,-0.455429593262732,0,0,-0.999534514940407,-0.000423773022005,2,2,0,0,1,-1,489.649645090153,-97.2709710552529,485.384065599056,-103.326238710281,49.7723823538338,7.40685052967186
1121,36.0821298,140.0818153,485.259380927217,-103.311050443526,-0.465023221683785,0,0,-0.999607865414352,0.001897682679605,2,2,0,0,1,-1,489.370755218016,-97.326630800509,485.259380927217,-103.311050443526,49.8423026967255,7.26062511239691
1122,36.0821241,140.0817648,481.266647680104,-103.027180230539,-0.507715379877522,0,0,-0.999032861418154,0.023579157587865,2,2,0,0,1,-1,484.827549259526,-97.961151897536,481.266647680104,-103.027180230539,50.3560177502533,6.19230676962331
1123,36.0821231,140.0817192,477.249045410888,-103.013500808719,-0.486783049035314,0,0,-0.99909730613338,0.027524694132497,2,2,0,0,1,-1,480.725169222683,-98.0724713888392,477.249045410888,-103.013500808719,50.03858187861,6.04129195479245
1124,36.0821086,140.081686,474.743558362316,-103.344427710851,-0.474766890340096,0,0,-0.99952366996933,-0.004390285086252,2,2,0,0,1,-1,477.738348671831,-99.6866040052213,474.743558362316,-103.344427710851,51.0914293321803,4.72741401396525
1125,36.0821086,140.081686,474.536865444404,-103.33473873696,-0.472389067632073,0,0,-0.999557061054728,0.004934487372622,2,2,0,0,1,-1,477.738348671831,-99.6866040052213,474.536865444404,-103.33473873696,51.0552834583788,4.85369775289072
1126,36.0820991,140.081634,470.51878550464,-103.170366456254,-0.470122526620627,0,0,-0.998799021761052,0.03863107628837,2,2,0,0,1,-1,473.06019599945,-100.74413916746,470.51878550464,-103.170366456254,51.8911445075833,3.51359447859541
1127,36.0820964,140.0816179,469.065300385867,-103.21091887435,-0.493027043338506,0,0,-0.999701397156315,-0.009385047523763,2,2,0,0,1,-1,471.611767962413,-101.044701792951,469.065300385867,-103.21091887435,51.9871724188123,3.34320109508009
1128,36.0820987,140.0815879,466.664616007814,-102.448861752501,-0.561421787346558,0,0,-0.999447114758929,0.003960924102692,2,2,0,0,1,-1,468.912833728052,-100.788666964298,466.664616007814,-102.448861752501,52.2419572660698,2.7947682645202
1129,36.0820914,140.0815414,462.621133124424,-102.606375072915,-0.556443768697632,0,0,-0.995531170886287,0.087190691092971,2,2,0,0,1,-1,464.729485666454,-101.601299247094,462.621133124424,-102.606375072915,52.461226277546,2.3356643288658
1130,36.0820868,140.081505,459.607760533575,-102.840619956087,-0.610152742371897,0,0,-0.999635460910318,-0.005955333139292,2,2,0,0,1,-1,461.454778796554,-102.113368904399,459.607760533575,-102.840619956087,52.4389539412646,1.98503666363075
1131,36.082087,140.0815001,459.173208982362,-102.745020210492,-0.58284017764342,0,0,-0.999413575707738,0.00376840173473,2,2,0,0,1,-1,461.01395287235,-102.09110500598,459.173208982362,-102.745020210492,52.4620264576178,1.9534439237457
1132,36.082087,140.0814923,458.446547750377,-102.685089835284,-0.59963144600907,0,0,-0.9993720269002,-0.013383440219686,2,2,0,0,1,-1,460.312229972388,-102.09110500598,458.446547750377,-102.685089835284,52.4359403811416,1.95795508910953
1133,36.0820944,140.0814466,454.537337320771,-101.387685312283,-0.715507330221515,0,0,-0.999427009010165,0.008058255057978,2,2,0,0,1,-1,456.200853488634,-101.267340774766,454.537337320771,-101.387685312283,52.4687786667158,1.66786355810375
1134,36.0820893,140.0814002,450.508849520017,-101.693814762995,-0.695781647025663,0,0,-0.996699929710646,0.072993299410881,2,2,0,0,1,-1,452.026501873946,-101.835070177328,450.508849520017,-101.693814762995,52.3053826145771,1.52421184861806
1135,36.0820834,140.0813518,446.51157172378,-102.026737008458,-0.724945050049178,0,0,-0.995696013463782,0.085902700598353,2,2,0,0,1,-1,447.672221310813,-102.491855172773,446.51157172378,-102.026737008458,52.2387045789434,1.25037689144379
1136,36.0820829,140.0813467,445.973498201252,-101.944603441582,-0.741241871439718,0,0,-0.99955533217078,-0.008187637431484,2,2,0,0,1,-1,447.21340249023,-102.54751491882,445.973498201252,-101.944603441582,52.3020646924694,1.37871856998233
1137,36.082088,140.0813011,442.086739768594,-101.317230683687,-0.802937489598556,0,0,-0.999216343730669,0.006025978619574,2,2,0,0,1,-1,443.111022455944,-101.979785515468,442.086739768594,-101.317230683687,51.945946059289,1.21989094952073
1138,36.0820879,140.0812961,441.571300603319,-101.21274259547,-0.830651371343908,0,0,-0.999316185070615,-0.004061918682207,2,2,0,0,1,-1,442.661200084829,-101.990917464677,441.571300603319,-101.21274259547,51.9911131509159,1.33919266980655
1139,36.0820886,140.0812807,440.249501857811,-101.034920021672,-0.863042573939081,0,0,-0.999241455009157,0.002828510951323,2,2,0,0,1,-1,441.275747178726,-101.912993821002,440.249501857811,-101.034920021672,51.9482657438929,1.3506269121303
1140,36.0820885,140.0812729,439.672018182832,-101.029353107867,-0.864929573440353,0,0,-0.999495795070552,-0.000644533086986,2,2,0,0,1,-1,440.574024276207,-101.924125770212,439.672018182832,-101.029353107867,51.9188036510498,1.2705247379589
1141,36.0820892,140.0812576,438.219055526415,-100.942091988848,-0.879661761476164,0,0,-0.999441956899941,0.00249076515086,2,2,0,0,1,-1,439.197567817015,-101.846202126537,438.219055526415,-100.942091988848,51.7533269121956,1.33225427149938
1142,36.0820893,140.0812496,437.528231073957,-100.852351730423,-0.882362820686445,0,0,-0.999444101358856,-0.000324662975225,2,2,0,0,1,-1,438.477852023231,-101.835070177328,437.528231073957,-100.852351730423,51.756539528836,1.36657070552031
1143,36.0820896,140.0812444,437.082657665978,-100.818708020503,-0.897081017759163,0,0,-0.999282481708546,0.006398595944678,2,2,0,0,1,-1,438.010036755737,-101.80167433049,437.082657665978,-100.818708020503,51.7098186632626,1.35138992992141
1144,36.0820895,140.0812367,436.607669717926,-100.779389613217,-0.929066082511055,0,0,-0.999682718777847,-0.00080106039401,2,2,0,0,1,-1,437.317310302686,-101.8128062797,436.607669717926,-100.779389613217,51.7388295478104,1.2536106916036
1145,36.082092,140.0812144,434.544972072013,-100.446879510503,-0.947809776573328,0,0,-0.999194712554267,0.006890992239818,2,2,0,0,1,-1,435.311102521376,-101.534507552628,434.544972072013,-100.446879510503,51.5470874240278,1.3303723627083
1146,36.0820921,140.0812068,433.939903261644,-100.336042144684,-0.973142195104424,0,0,-0.999206055620597,-0.008787331543127,2,2,0,0,1,-1,434.627372515236,-101.523375603419,433.939903261644,-100.336042144684,51.5878488443216,1.37199661692912
1147,36.0820937,140.0811892,432.348317343121,-100.272806457694,-0.966571672694688,0,0,-0.99943422333133,0.000899847784249,2,2,0,0,1,-1,433.043997764308,-101.34526441765,432.348317343121,-100.272806457694,51.2950041528564,1.27833380785159
1148,36.0820909,140.0811568,429.497598025204,-100.390087730456,-0.976601622751257,0,0,-0.998490812473789,-0.03860708229863,2,2,0,0,1,-1,430.129148793857,-101.65695899235,429.497598025204,-100.390087730456,51.1836468050254,1.41556319802329
1149,36.082098,140.0811334,427.36545755115,-99.7135954440936,-1.02689281193177,0,0,-0.99949433886651,0.006931469222275,2,2,0,0,1,-1,428.023980091413,-100.866590607973,427.36545755115,-99.7135954440936,50.8143282411928,1.32779884921001
1150,36.0820981,140.0811234,426.512560147372,-99.5759791532749,-1.06086160210012,0,0,-0.999441794843048,-0.014631919351574,2,2,0,0,1,-1,427.124335346626,-100.855458658763,426.512560147372,-99.5759791532749,50.8486720577112,1.41821602705231
1151,36.0821006,140.0811046,424.845280539217,-99.2138811165266,-1.10743089822983,0,0,-0.999588668954879,0.009586445068632,2,2,0,0,1,-1,425.433003227654,-100.577159931692,424.845280539217,-99.2138811165266,50.7416437070998,1.4845696637011
1152,36.0821006,140.0810902,423.811429774527,-99.185061483667,-1.05495702338674,0,0,-0.999305252960814,0.021897917846887,2,2,0,0,1,-1,424.137514795774,-100.577159931692,423.811429774527,-99.185061483667,50.6963578121966,1.42977953897607
1153,36.0820937,140.0810794,422.722352634741,-99.8870339975552,-1.01181889425808,0,0,-0.847256026230121,0.529589146638822,2,2,0,0,1,-1,423.165898470585,-101.34526441765,422.722352634741,-99.8870339975552,50.6393578730443,1.5241944976233
1154,36.0820783,140.0810785,423.123956655713,-101.274357126391,-0.986322581208334,0,0,-0.64573346832662,0.763327714481231,2,2,0,0,1,-1,423.084930443273,-103.059584576126,423.123956655713,-101.274357126391,51.1214812395166,1.78565396775111
1157,36.0820517,140.0810731,422.646550314679,-103.996518288131,-0.740521988228725,0,0,-0.725002636892128,0.686443752711038,2,2,0,0,1,-1,422.599122281958,-106.020683031028,422.646550314679,-103.996518288131,51.37658163513,2.02472030776496
1158,36.0820158,140.081069,422.408504365316,-108.079449192263,-0.57267781256401,0,0,-0.728541877495954,0.684084785176107,2,2,0,0,1,-1,422.230267935598,-110.017052750541,422.408504365316,-108.079449192263,51.3996511684831,1.94578410259959
1159,36.0819892,140.081065,422.107529631134,-110.92189926506,-0.361412005656935,0,0,-0.972906569264866,0.226702830305728,2,2,0,0,1,-1,421.870410038706,-112.978151206234,422.107529631134,-110.92189926506,51.5741284693846,2.06987867922083
1160,36.0819853,140.0810343,419.105939762533,-111.362688329302,-0.38491310811608,0,0,-0.994823861741211,-0.09604384933537,2,2,0,0,1,-1,419.108500673411,-113.412297219864,419.105939762533,-111.362688329302,51.2037634506,2.04961049044366
1161,36.0819876,140.081031,418.259726727871,-111.154393814133,-0.368038653603951,0,0,-0.998014001614401,0.03973867603302,2,2,0,0,1,-1,418.811617907452,-113.156262391212,418.259726727871,-111.154393814133,50.9544534330999,2.07655042654702
1162,36.0819851,140.0810257,417.521512970782,-111.781863027517,-0.324421348025946,0,0,-0.835819104583356,0.546045827476079,2,2,0,0,1,-1,418.334806193047,-113.434561118283,417.521512970782,-111.781863027517,50.4990496084617,1.84197091307238
1163,36.0819819,140.0810224,417.8723527584,-111.760760515851,-0.322778621602391,0,0,-0.99853503830149,0.033755520317639,2,2,0,0,1,-1,418.037923427089,-113.79078348903,417.8723527584,-111.760760515851,51.0287510311429,2.03676383460692
1164,36.081982,140.0810213,417.880309094411,-111.732563617721,-0.307519170800583,0,0,-0.999214221461198,-0.009354286662175,2,2,0,0,1,-1,417.938962505955,-113.77965153982,417.880309094411,-111.732563617721,51.0662167362823,2.04792802204798
1165,36.0819944,140.0809804,413.966281250474,-110.545098342537,-0.432226712734189,0,0,-0.993732916544121,-0.104294440927841,2,2,0,0,1,-1,414.259415499494,-112.399289853672,413.966281250474,-110.545098342537,50.3683517944534,1.87721971221062
1166,36.0819965,140.0809715,413.081620099429,-110.396233394195,-0.457399327684449,0,0,-0.998950745614497,0.007204037551746,2,2,0,0,1,-1,413.458731678398,-112.165518923438,413.081620099429,-110.396233394195,50.1676423994799,1.80902858655749
1167,36.0819957,140.0809554,411.478036327781,-110.399680863368,-0.415423275310679,0,0,-0.999252719593148,-0.000454231262752,2,2,0,0,1,-1,412.010303638805,-112.254574515531,411.478036327781,-110.399680863368,50.0462638616741,1.92975100757082
1168,36.0819976,140.0809411,410.285372660195,-110.10600605722,-0.479487769487638,0,0,-0.998982964989829,0.023413675937237,2,2,0,0,1,-1,410.723811653836,-112.043067482926,410.285372660195,-110.10600605722,50.0051917232045,1.9860603510722
1169,36.0819942,140.080919,408.555212986989,-110.365349659298,-0.453529906419063,0,0,-0.999280052545492,-0.010930969962962,2,2,0,0,1,-1,408.735596768905,-112.421553752091,408.555212986989,-110.365349659298,49.9884023002613,2.06410115546564
1170,36.0819958,140.080907,407.662737677708,-110.166207773111,-0.48128512526246,0,0,-0.999019398341549,0.003403214317158,2,2,0,0,1,-1,407.656023075672,-112.243442566322,407.662737677708,-110.166207773111,49.9419577304354,2.07724564556187
1171,36.0819946,140.0808833,405.287768574906,-110.567742640488,-0.404068137300432,0,0,-0.99947355652126,-0.00168036013397,2,2,0,0,1,-1,405.523865029938,-112.377025955253,405.287768574906,-110.567742640488,49.3822248691839,1.82462260458575
1172,36.0819998,140.0808632,403.158337853396,-109.967639010266,-0.480328801986865,0,0,-0.998170652778139,0.042302136641903,2,2,0,0,1,-1,403.715579093453,-111.798164603482,403.158337853396,-109.967639010266,49.090252902144,1.91346328604438
1173,36.0819963,140.0808437,401.362271296268,-110.511184175264,-0.432861801800135,0,0,-0.999654072841291,-0.008451433679782,2,2,0,0,1,-1,401.961271843547,-112.187782821066,401.362271296268,-110.511184175264,48.7488527067986,1.78038891109395
1174,36.0820009,140.0808286,400.127865844418,-109.90739801484,-0.566737703692035,0,0,-0.997916074941238,0.040522112742263,2,2,0,0,1,-1,400.602808278177,-111.675713163761,400.127865844418,-109.90739801484,48.7100705484307,1.83098574032899
1175,36.0819944,140.0808054,397.877409163231,-110.732837081794,-0.470222172895838,0,0,-0.998351558915469,-0.048007739636653,2,2,0,0,1,-1,398.515632472112,-112.399289853672,397.877409163231,-110.732837081794,48.3545631450361,1.7844869943208
1176,36.0819963,140.0807961,397.18849596627,-110.440615138819,-0.501267118170532,0,0,-0.998624493913611,0.03699446654008,2,2,0,0,1,-1,397.678962858258,-112.187782821066,397.18849596627,-110.440615138819,48.3785071735283,1.81470457155601
1177,36.0819947,140.080769,395.032347234158,-110.507002196929,-0.473737323409111,0,0,-0.999403448597799,0.000309430525606,2,2,0,0,1,-1,395.240925602212,-112.365894006835,395.032347234158,-110.507002196929,48.3094006242237,1.87055705514519
1178,36.0819958,140.0807572,394.022811848995,-110.404421534508,-0.496870608498465,0,0,-0.999479594547956,0.006966413304835,2,2,0,0,1,-1,394.179344802801,-112.243442566322,394.022811848995,-110.404421534508,48.1868535330196,1.84567085935786
1179,36.0819965,140.0807431,392.636296855413,-110.256859281235,-0.467885561700872,0,0,-0.999495886894646,-0.001554230732279,2,2,0,0,1,-1,392.910845714211,-112.165518923438,392.636296855413,-110.256859281235,48.0748508472179,1.92830461951501
1180,36.0819968,140.0807387,392.152006851166,-110.154573101711,-0.543950615638862,0,0,-0.999274091375872,0.001026134551822,2,2,0,0,1,-1,392.515002024561,-112.13212307581,392.152006851166,-110.154573101711,48.0685283225562,2.01058931559081
1181,36.081997,140.0807322,391.404236024494,-110.108585776449,-0.508252506903729,0,0,-0.999618233943946,-0.002704117031505,2,2,0,0,1,-1,391.930232942111,-112.109859177391,391.404236024494,-110.108585776449,47.9761228430399,2.06924333577763
1182,36.0820032,140.0806948,388.042058765828,-109.584842772553,-0.560303380401171,0,0,-0.999203184074742,0.00496945614378,2,2,0,0,1,-1,388.565561597988,-111.419678335108,388.042058765828,-109.584842772553,47.4293844551621,1.90805575308872
1183,36.0820034,140.0806924,387.834832194269,-109.551052622601,-0.578572532428215,0,0,-0.999310201895336,-0.005594540913876,2,2,0,0,1,-1,388.349646859342,-111.397414436689,387.834832194269,-109.551052622601,47.4186905280339,1.91679056964895
1184,36.0820044,140.0806811,386.993252972851,-109.412622544912,-0.567166023458484,0,0,-0.999182354641102,0.006184603186114,2,2,0,0,1,-1,387.333048297042,-111.286094946177,386.993252972851,-109.412622544912,47.3839374688628,1.90403773613923
1185,36.0820013,140.0806382,382.990974169485,-109.968046867928,-0.562040818565394,0,0,-0.989846573508543,0.137445299672399,2,2,0,0,1,-1,383.473572342135,-111.631185366923,382.990974169485,-109.968046867928,46.7265956302178,1.73174208907788
1186,36.0820002,140.0806237,381.657082653922,-110.019127212118,-0.555690295008121,0,0,-0.999623327557636,-0.004906562286544,2,2,0,0,1,-1,382.169087463345,-111.753636807436,381.657082653922,-110.019127212118,46.6458173189001,1.80850005836863
1187,36.0820024,140.0806018,379.664028749042,-109.622144375197,-0.611001865983182,0,0,-0.999279635080546,0.003771181871209,2,2,0,0,1,-1,380.198865472235,-111.508733927201,379.664028749042,-109.622144375197,46.5600295217161,1.960936117829
1188,36.0820041,140.0805581,375.706005274245,-109.812328579143,-0.615821691307452,0,0,-0.999061057006016,-0.014133221847639,2,2,0,0,1,-1,376.267417939484,-111.319490793014,375.706005274245,-109.812328579143,45.7552184275404,1.60832898363856
1189,36.0820096,140.0805226,372.375289952466,-109.123708463134,-0.7134481781404,0,0,-0.999235361436901,0.004761027895392,2,2,0,0,1,-1,373.073679096896,-110.707233593615,372.375289952466,-109.123708463134,45.4166693753106,1.73069328187336
1190,36.0820079,140.0804797,368.523331272061,-109.307476630582,-0.71297798919772,0,0,-0.999354178428563,-0.00157857967294,2,2,0,0,1,-1,369.21420314199,-110.896476727802,368.523331272061,-109.307476630582,45.0071344156633,1.73269306272803
1191,36.0820083,140.0804733,368.066323488546,-109.30687726491,-0.727775204491607,0,0,-0.999532057352892,0.001976022060731,2,2,0,0,1,-1,368.638430506451,-110.851948931755,368.066323488546,-109.30687726491,44.9389117978895,1.64759002656114
1192,36.082009,140.0804586,366.694593924095,-109.171664045826,-0.748272285892729,0,0,-0.999526614696683,-0.001505933923098,2,2,0,0,1,-1,367.315952731282,-110.774025288081,366.694593924095,-109.171664045826,44.8304785401008,1.71861814198113
1193,36.082015,140.080422,363.394622497283,-108.540109699977,-0.860796531666498,0,0,-0.998505975652644,0.03398501382364,2,2,0,0,1,-1,364.02325296756,-110.106108343425,363.394622497283,-108.540109699977,44.4134271686792,1.68746200533245
1194,36.0820121,140.080386,360.326248780162,-108.869725929504,-0.864817380550495,0,0,-0.99932401359086,-0.015144951655996,2,2,0,0,1,-1,360.78453188786,-110.428934866543,360.326248780162,-108.869725929504,44.117834238022,1.62516335060324
1195,36.0820204,140.0803507,356.564313154105,-108.035708656445,-0.962217039250606,0,0,-0.9992538875818,0.010416948120086,2,2,0,0,1,-1,357.608785939094,-109.504983093236,356.564313154105,-108.035708656445,43.4698726048773,1.80268987049574
1196,36.0820181,140.0803302,355.193458943327,-108.175971878316,-0.950349759634788,0,0,-0.9991384927036,-0.024777486798569,2,2,0,0,1,-1,355.764514212408,-109.761017921888,355.193458943327,-108.175971878316,43.5368742424267,1.68477745728927
1197,36.0820244,140.0803066,353.685040396649,-107.702568992808,-1.03293466617835,0,0,-0.999019638484149,0.006524303432101,2,2,0,0,1,-1,353.641352616143,-109.059705129605,353.685040396649,-107.702568992808,43.2725227576295,1.3578391347888
1198,36.0820246,140.0803033,353.2903987693,-107.684533533268,-1.01483952715362,0,0,-0.999184790988342,-0.001782797962524,2,2,0,0,1,-1,353.344469850184,-109.037441231977,353.2903987693,-107.684533533268,43.2024782585982,1.35398778540036
1199,36.0820249,140.0802998,352.77798193663,-107.644087486599,-1.02931281670721,0,0,-0.999152307066719,0.003567154781145,2,2,0,0,1,-1,353.029594190403,-109.004045384349,352.77798193663,-107.644087486599,43.1075503819395,1.38303803631742
1200,36.0820209,140.0802629,348.73113950912,-108.282976807143,-1.03269134183764,0,0,-0.988303115011724,0.1481769434985,2,2,0,0,1,-1,349.709905080835,-109.449323347979,348.73113950912,-108.282976807143,42.3377419754018,1.52261167002486
1201,36.0820197,140.0802484,347.61704985095,-108.387149318941,-1.03787158140261,0,0,-0.999513815145326,-0.002353402103909,2,2,0,0,1,-1,348.405420202044,-109.58290673691,347.61704985095,-108.387149318941,42.289166305551,1.43225822152099
1202,36.0820212,140.080234,346.258500808374,-108.132917095149,-1.05409818154246,0,0,-0.999525666002613,0.005216230034418,2,2,0,0,1,-1,347.109931770165,-109.415927500351,346.258500808374,-108.132917095149,42.2044353415823,1.53982154243644
1203,36.0820217,140.0801963,343.212669538406,-108.071848062467,-1.08200942477142,0,0,-0.999469538464684,-0.019596083933323,2,2,0,0,1,-1,343.718271082752,-109.360267755095,343.212669538406,-108.071848062467,41.9526107723109,1.38407305659694
1204,36.0820299,140.0801606,339.807683690034,-107.267109282841,-1.16780208009191,0,0,-0.999070076843111,0.030710970849826,2,2,0,0,1,-1,340.506539346342,-108.447447930997,339.807683690034,-107.267109282841,41.4073697797192,1.37171372840062
1205,36.0820301,140.0801409,338.372876585983,-107.152871901003,-1.16846997435305,0,0,-0.999582047777131,-0.004186581355275,2,2,0,0,1,-1,338.734239200057,-108.425184032578,338.372876585983,-107.152871901003,41.4139880806384,1.32263415160879
1206,36.0820348,140.0801033,334.765529702366,-106.820399176244,-1.2122962417842,0,0,-0.999304389505005,0.002302434376996,2,2,0,0,1,-1,335.351574959556,-107.901982426063,334.765529702366,-106.820399176244,40.7736086274035,1.23015095405485
1207,36.0820311,140.0800574,330.726242999498,-107.139744922192,-1.18862002674978,0,0,-0.997493210606838,0.065366231382453,2,2,0,0,1,-1,331.22220558198,-108.313864541275,330.726242999498,-107.139744922192,40.4559973039653,1.27457277671288
1208,36.0820311,140.0800501,330.256421289334,-107.111483514936,-1.24688595018612,0,0,-0.99921189996521,-0.014950340195875,2,2,0,0,1,-1,330.565464919129,-108.313864541275,330.256421289334,-107.111483514936,40.4759028843223,1.24146208061922
1209,36.0820374,140.080008,326.239284808601,-106.531993074177,-1.28936852967468,0,0,-0.99810893719068,-0.053752030296981,2,2,0,0,1,-1,326.777960544624,-107.612551749782,326.239284808601,-106.531993074177,39.8479115552759,1.20738502558415
1210,36.0820444,140.0799601,322.252268273606,-105.722759592665,-1.35169733530066,0,0,-0.998564501847287,-0.040641173411794,2,2,0,0,1,-1,322.468662218602,-106.833315313824,322.252268273606,-105.722759592665,39.4954297576509,1.1314417126963
1211,36.0820451,140.0799553,321.649906482338,-105.628991819631,-1.34764689186907,0,0,-0.999101648718708,0.026005791183699,2,2,0,0,1,-1,322.036832741309,-106.75539167094,321.649906482338,-105.628991819631,39.4009153509737,1.19100317166166
1212,36.0820405,140.079915,317.93606087658,-106.212945625319,-1.35978911328752,0,0,-0.999538429584886,-0.009518786396294,2,2,0,0,1,-1,318.411264421428,-107.267461328245,317.93606087658,-106.212945625319,38.9272021590184,1.15664245847749
1213,36.0820458,140.0798744,314.402220583847,-105.559720365343,-1.39501258898559,0,0,-0.999817674326304,0.000431089935939,2,2,0,0,1,-1,314.758706758257,-106.677468027265,314.402220583847,-105.559720365343,38.6130863493728,1.17321874698479
1214,36.0820423,140.0798549,312.912421908072,-106.107825821305,-1.3729186012528,0,0,-0.999386730446206,-0.021558784239903,2,2,0,0,1,-1,313.004399505794,-107.067086244848,312.912421908072,-106.107825821305,38.3850215814822,0.963659918570826
1215,36.0820451,140.0798415,311.533204652092,-105.64676339704,-1.43063914945479,0,0,-0.999167045556347,0.004786667297308,2,2,0,0,1,-1,311.798875548137,-106.75539167094,311.533204652092,-105.64676339704,38.3200550692704,1.14001652386916
1216,36.0820412,140.079827,310.071189678097,-106.214025092065,-1.37780229428917,0,0,-0.838030543802356,0.542285496644703,2,2,0,0,1,-1,310.494390669347,-107.18953768457,310.071189678097,-106.214025092065,38.0133790283343,1.06335501932755
1217,36.0820196,140.07979,306.798574116863,-108.622499669944,-1.2232670302406,0,0,-0.870290276150747,0.490710463850755,2,2,0,0,1,-1,307.165705115424,-109.59403868612,306.798574116863,-108.622499669944,37.7568273456091,1.03859194588455
1218,36.082001,140.079752,303.352259768821,-110.759717587335,-1.06439279379572,0,0,-0.954726600859494,0.29502264897191,2,2,0,0,1,-1,303.747055084722,-111.664581214551,303.352259768821,-110.759717587335,37.3932835782138,0.987239345505997
1219,36.0819834,140.0797113,299.734579137318,-112.497517295747,-0.967133071160158,0,0,-0.99735062260646,0.065333991208838,2,2,0,0,1,-1,300.08550097464,-113.62380425247,299.734579137318,-112.497517295747,37.2960776061973,1.17968997825446
1220,36.0819834,140.0797102,299.635275973837,-112.520595014963,-0.972038764229749,0,0,-0.999464700236238,-0.010247841738196,2,2,0,0,1,-1,299.986540053506,-113.62380425247,299.635275973837,-112.520595014963,37.2640918164167,1.1577810999441
1221,36.0819848,140.0797013,298.787129362176,-112.419416053977,-0.968540883222765,0,0,-0.998257163424851,-0.051170227853075,2,2,0,0,1,-1,299.185856229853,-113.46795696512,298.787129362176,-112.419416053977,37.1037883280614,1.12179372317254
1223,36.0819831,140.0796965,298.410074874779,-112.36051397311,-0.967728947893864,0,0,-0.999339543761077,0.004704811449239,2,2,0,0,1,-1,298.754026752559,-113.657200100099,298.410074874779,-112.36051397311,37.3147900769058,1.34152816077496
1224,36.0819811,140.0796496,294.321815521001,-112.514280420419,-0.997301900426102,0,0,-0.996795323527329,0.071001248318149,2,2,0,0,1,-1,294.534692900761,-113.879839081123,294.321815521001,-112.514280420419,36.9874315091267,1.38205182053217
1225,36.0819811,140.0796415,293.72045852056,-112.531943349757,-0.97795155232019,0,0,-0.999487347102628,-0.011908993544969,2,2,0,0,1,-1,293.805980657509,-113.879839081123,293.72045852056,-112.531943349757,36.9440163801774,1.35060613745904
1226,36.0819836,140.0796291,292.523620192913,-112.52177280886,-0.957400466377917,0,0,-0.997831023103032,-0.060176785940859,2,2,0,0,1,-1,292.690421176632,-113.601540354051,292.523620192913,-112.52177280886,36.5360479475864,1.09257517810826
1228,36.0819886,140.0796037,290.057990740677,-111.768854675382,-0.963099360935017,0,0,-0.99937696898677,0.010826343137932,2,2,0,0,1,-1,290.405323525742,-113.044942900699,290.057990740677,-111.768854675382,36.3795666844677,1.32251322200374
1229,36.0819877,140.0795747,287.416611048381,-111.913010302812,-0.967296645522271,0,0,-0.999507807010729,-0.003758570863099,2,2,0,0,1,-1,287.796353765604,-113.145130442002,287.416611048381,-111.913010302812,36.0521665346145,1.28931166468042
1230,36.0819943,140.0795467,284.743021729603,-111.228994819774,-0.943684658289896,0,0,-0.999459906389093,0.003017975399712,2,2,0,0,1,-1,285.277348479688,-112.410421802881,284.743021729603,-111.228994819774,35.647501651164,1.29663980822415
1231,36.0819951,140.0795129,281.735014943372,-111.020164168051,-1.00492130923521,0,0,-0.999437053822916,-0.005369445236738,2,2,0,0,1,-1,282.236549244814,-112.321366209997,281.735014943372,-111.020164168051,35.4428880202108,1.39451188933213
1232,36.0820035,140.0794791,278.913558953123,-110.048535851006,-1.10307608510856,0,0,-0.841641791037053,-0.53988721008017,2,2,0,0,1,-1,279.195750007382,-111.38628248748,278.913558953123,-110.048535851006,35.2034974877882,1.36718610821644
1233,36.0820383,140.0794778,278.507358774723,-106.354003500714,-1.35977409087459,0,0,-0.684324565358587,-0.728808125867497,2,2,0,0,1,-1,279.078796192426,-107.512364207688,278.507358774723,-106.354003500714,34.7625604803636,1.29164246206611
1235,36.0820383,140.0794779,278.40418536417,-106.073066265718,-1.37018105895175,0,0,-0.718530662324327,-0.695289785267749,2,2,0,0,1,-1,279.087792639337,-107.512364207688,278.40418536417,-106.073066265718,34.9801447781474,1.59339181384236
1236,36.082075,140.0794632,277.323557021876,-102.182673648048,-1.54635112581371,0,0,-0.713607321165423,-0.700380872075498,2,2,0,0,1,-1,277.765314864168,-103.426938896082,277.323557021876,-102.182673648048,34.5984723807601,1.3203582842133
1237,36.0820754,140.0794634,277.111150097544,-102.174106687385,-1.54441082613554,0,0,-0.710199711099104,-0.703864399667355,2,2,0,0,1,-1,277.78330775799,-103.382411099244,277.111150097544,-102.174106687385,34.4791057996963,1.38267692257278
1239,36.0821103,140.0794687,277.636173207025,-98.1578349886534,-1.74154390338258,0,0,-0.749690958592873,-0.66163077875502,2,2,0,0,1,-1,278.260119474952,-99.4973608710341,277.636173207025,-98.1578349886534,34.5324432810953,1.4777139556853
1240,36.0821473,140.079469,278.172719224494,-94.1234570875735,-1.9436760051808,0,0,-0.730144668681193,-0.68291994969198,2,2,0,0,1,-1,278.287108815684,-95.3785397117994,278.172719224494,-94.1234570875735,34.4968617511766,1.26028463935984
1241,36.0821839,140.0794701,277.880545973276,-90.0968649588084,-2.22131716362907,0,0,-0.721878934075497,-0.691314507200358,2,2,0,0,1,-1,278.386069736818,-91.3042463486113,277.880545973276,-90.0968649588084,34.1882312265592,1.30894006583502
1242,36.0822042,140.0794713,278.341148874278,-87.9091189679897,-2.35191876527659,0,0,-0.697451550042023,-0.716320055313621,2,2,0,0,1,-1,278.49402710742,-89.0444606852019,278.341148874278,-87.9091189679897,34.1789487081135,1.14558830694586
1243,36.0822202,140.079474,278.610216497669,-86.0946354177491,-2.45090551383902,0,0,-0.639942620453219,-0.768301038228163,2,2,0,0,1,-1,278.736931189356,-87.2633488322606,278.610216497669,-86.0946354177491,34.1877324302439,1.17556269860366
1244,36.0822572,140.0794821,279.029735238529,-82.0462128361561,-2.70791092319693,0,0,-0.729516399256441,-0.683759434625373,2,2,0,0,1,-1,279.465643432608,-83.1445276730258,279.029735238529,-82.0462128361561,33.9716441134112,1.18165622520003
1245,36.0822929,140.0794792,278.659417596278,-78.0203157256841,-2.97081838117225,0,0,-0.76173092724949,-0.647584542301728,2,2,0,0,1,-1,279.204746454293,-79.1704218519315,278.659417596278,-78.0203157256841,33.8433364487426,1.27284235670228
1246,36.082329,140.0794808,279.097000707486,-73.972496953748,-3.1549171596205,0,0,-0.678677649108434,-0.73417631604114,2,2,0,0,1,-1,279.348689615096,-75.1517882339996,279.097000707486,-73.972496953748,33.8633174087498,1.20585041770991
1247,36.0823628,140.079488,279.825541045148,-69.8948454259971,-3.45051074933114,0,0,-0.570735969583534,-0.820924433300887,2,2,0,0,1,-1,279.996433831035,-71.3891894455113,279.825541045148,-69.8948454259971,34.1589314061004,1.50408390488238
1248,36.0823981,140.0794963,280.86046709612,-66.024937443054,-3.55462727895171,0,0,-0.658816618386511,-0.752236964063537,2,2,0,0,1,-1,280.743138968109,-67.4596114204637,280.86046709612,-66.024937443054,34.1641730138945,1.43946354975702
1249,36.0824324,140.0795016,281.36277600755,-61.9087822261389,-3.80333237041111,0,0,-0.626694192871358,-0.779089436439403,2,2,0,0,1,-1,281.219950682514,-63.6413528859284,281.36277600755,-61.9087822261389,34.4160499701315,1.7384476306852
1250,36.0824671,140.0795103,282.391112426163,-57.9146424689474,-3.92136484519238,0,0,-0.712916464542999,-0.701179795893202,2,2,0,0,1,-1,282.002641609788,-59.7785665561373,282.391112426163,-57.9146424689474,34.603217624214,1.90397546674877
1251,36.0825017,140.0795156,283.131148244903,-53.9358186406543,-4.09089622373477,0,0,-0.711833341600221,-0.702232272633585,2,2,0,0,1,-1,282.47945332675,-55.9269121739737,283.131148244903,-53.9358186406543,34.7587366143988,2.095032153637
1252,36.0825396,140.0795159,283.304375505227,-49.9022087550831,-4.25269055266981,0,0,-0.727006961175366,-0.686525648597818,2,2,0,0,1,-1,282.506442667483,-51.7079034734361,283.304375505227,-49.9022087550831,34.5258017275046,1.97414037733847
1253,36.0825763,140.0795199,283.840721370121,-45.8864575117435,-4.45101576167392,0,0,-0.635527557246384,-0.772032909373773,2,2,0,0,1,-1,282.866300564375,-47.6224781610387,283.840721370121,-45.8864575117435,34.4546780269578,1.9907947160493
1254,36.0826141,140.0795214,284.215563368925,-41.8450288715462,-4.62430948243904,0,0,-0.636484533881404,-0.771239363700131,2,2,0,0,1,-1,283.001247278266,-43.4146014089196,284.215563368925,-41.8450288715462,34.2786810482661,1.98447008496175
1255,36.0826511,140.0795254,284.66264548181,-37.6563539113459,-4.80529933199721,0,0,-0.697234010314959,-0.716777243863829,2,2,0,0,1,-1,283.361105175159,-39.2957802496848,284.66264548181,-37.6563539113459,34.3269136445032,2.09325724378939
1256,36.0826895,140.0795262,284.907007339758,-33.5302181876393,-5.02512465816264,0,0,-0.736815778692871,-0.675976924722966,2,2,0,0,1,-1,283.43307675556,-35.0211118031002,284.907007339758,-33.5302181876393,34.1492580688123,2.09648160966333
1257,36.0827281,140.0795326,285.722654786507,-29.5904125280574,-5.2517756305217,0,0,-0.643480415261585,-0.765179261549201,2,2,0,0,1,-1,284.008849391098,-30.7241794588877,285.722654786507,-29.5904125280574,33.8398159214427,2.05488597902048
1258,36.0827643,140.0795402,286.384153833632,-25.5362143620944,-5.36518087392708,0,0,-0.741788646365424,-0.670457234100341,2,2,0,0,1,-1,284.692579397239,-26.6944138917464,286.384153833632,-25.5362143620944,33.8699903749849,2.05008541879231
1259,36.0828008,140.0795441,286.725343758308,-21.5112668648132,-5.59680448663296,0,0,-0.768667298283879,-0.639548320252528,2,2,0,0,1,-1,285.04344084722,-22.6312524777677,286.725343758308,-21.5112668648132,33.809936906757,2.02068433347505
1260,36.0828383,140.079547,286.791065722376,-17.3810483397404,-5.75831856236133,0,0,-0.827765426804511,-0.560838045377025,2,2,0,0,1,-1,285.304337822978,-18.4567715732769,286.791065722376,-17.3810483397404,33.7084954760773,1.83508591679465
1261,36.0828749,140.079552,287.403866484018,-13.4024824509044,-5.90775892394793,0,0,-0.701273978232264,-0.712721464912453,2,2,0,0,1,-1,285.75416019665,-14.3824782100888,287.403866484018,-13.4024824509044,33.6439463070841,1.91883363598868
1262,36.0829122,140.0795554,287.487555721241,-9.31844315709125,-6.13017637090299,0,0,-0.742283325403591,-0.669815401796353,2,2,0,0,1,-1,286.06003940952,-10.2302612040168,287.487555721241,-9.31844315709125,33.5391033989143,1.693875724759
1263,36.0829493,140.0795572,287.623202316808,-5.24047953582734,-6.25369233855516,0,0,-0.622595668955717,-0.782484281443737,2,2,0,0,1,-1,286.221975461587,-6.10030809557266,287.623202316808,-5.24047953582734,33.4705719949468,1.64400177978776
1264,36.0829846,140.0795571,287.496084834798,-1.22773778360483,-6.41432339240266,0,0,-0.740264282867973,-0.672155539090385,2,2,0,0,1,-1,286.212979014676,-2.17073007052508,287.496084834798,-1.22773778360483,33.515937917635,1.59235517357802
1265,36.0830203,140.0795468,286.403784419138,2.7233273248709,-6.6189837056303,0,0,-0.874807402020594,-0.484148279841601,2,2,0,0,1,-1,285.286344929156,1.80337575136017,286.403784419138,2.7233273248709,33.3570550168489,1.44740523398792
1266,36.0830493,140.0795161,283.694553322442,5.70557681302595,-6.69431336850512,0,0,-0.996498916841388,-0.078981381287153,2,2,0,0,1,-1,282.524435563862,5.03164098412424,283.694553322442,5.70557681302595,32.7948090768294,1.35032035844222
1267,36.0830592,140.0794844,280.556648089879,6.69026627008136,-6.71784796150421,0,0,-0.999156255208615,0.018450611692309,2,2,0,0,1,-1,279.672561721787,6.13370394320091,280.556648089879,6.69026627008136,32.3334759667261,1.04468671378028
1268,36.0830589,140.0794656,278.954460372562,6.7091640956436,-6.73372111795841,0,0,-0.999501168918871,-0.00211937505741,2,2,0,0,1,-1,277.981229602815,6.10030809557266,278.954460372562,6.7091640956436,32.1994296923378,1.14799118463781
1269,36.0830747,140.079425,275.309093371795,8.39383425152807,-6.72073787837445,0,0,-0.93210663721409,-0.361352019636697,2,2,0,0,1,-1,274.328671939644,7.85915605009516,275.309093371795,8.39383425152807,31.7105353248806,1.11673943411616
1270,36.0830962,140.0794062,273.328711915492,10.6774096957807,-6.8740004821959,0,0,-0.999515012047831,0.002223242779851,2,2,0,0,1,-1,272.637339820671,10.2525251024356,273.328711915492,10.6774096957807,31.3965325581564,0.811493863907398
1271,36.0830957,140.0793909,272.129492595632,10.6463267827234,-6.85444502872855,0,0,-0.999339587247826,-0.005249727737425,2,2,0,0,1,-1,271.260883361479,10.1968653571795,272.129492595632,10.6463267827234,31.272626028966,0.978006940009963
1272,36.0830991,140.079369,270.254363531191,10.8662300640546,-6.82244719229716,0,0,-0.999376345413293,0.01197888399252,2,2,0,0,1,-1,269.29066137037,10.5753516255539,270.254363531191,10.8662300640546,30.895639090047,1.00664398908196
1273,36.0831011,140.0793331,266.909622620113,11.1545322981263,-6.77587819692864,0,0,-0.999479326800027,-0.015146821287256,2,2,0,0,1,-1,266.060936737581,10.7979906073693,266.909622620113,11.1545322981263,30.5898214577406,0.92053772571079
1274,36.0831114,140.0792949,263.334667939858,12.1049330088183,-6.79249753759489,0,0,-0.99812293473938,0.048920546369274,2,2,0,0,1,-1,262.624293815614,11.9445813624926,263.334667939858,12.1049330088183,30.0007954713945,0.728247242956856
1275,36.0831095,140.0792765,261.717950373012,12.1356082713085,-6.77165805901337,0,0,-0.999436140847931,-0.006683931833468,2,2,0,0,1,-1,260.968947484285,11.7330743298866,261.717950373012,12.1356082713085,30.0559516193071,0.850316941685916
1276,36.0831148,140.0792535,259.828879230757,12.2344691840176,-6.76193876598518,0,0,-0.998514907403189,0.042168392611407,2,2,0,0,1,-1,258.899764572042,12.323067630867,259.828879230757,12.2344691840176,29.3386680502721,0.933329381206085
1277,36.0831092,140.0792096,255.693732688542,11.7709748830841,-6.66232720615554,0,0,-0.996071869567675,0.078964464099146,2,2,0,0,1,-1,254.950324142913,11.6996784822584,255.693732688542,11.7709748830841,29.0420145636505,0.7468195514886
1278,36.0831089,140.079198,254.659070378279,11.7949869098435,-6.66234237401527,0,0,-0.999260178534495,-0.004081662507795,2,2,0,0,1,-1,253.90673623988,11.6662826354211,254.659070378279,11.7949869098435,28.9812691438104,0.763263680555143
1279,36.0831152,140.0791555,250.862101432595,12.4074364385373,-6.64767258578243,0,0,-0.999265733907078,0.005571994773572,2,2,0,0,1,-1,250.083246075174,12.3675954277046,250.862101432595,12.4074364385373,28.4614247931057,0.779873691008527
1280,36.0831129,140.0791251,248.133189188014,12.2857250955914,-6.60224057352348,0,0,-0.998799410562619,-0.030065728213128,2,2,0,0,1,-1,247.348326053169,12.111560598261,248.133189188014,12.2857250955914,28.2850591252988,0.803954857295512
1281,36.0831222,140.0790964,245.604599177345,13.039525190944,-6.63920110769396,0,0,-0.999337606300025,0.004856684559692,2,2,0,0,1,-1,244.76634563632,13.1468318628721,245.604599177345,13.039525190944,27.7153748110646,0.845093912462347
1282,36.0831189,140.079074,243.658565580781,13.0709676550965,-6.60463471200954,0,0,-0.999317743545943,-0.008768374429053,2,2,0,0,1,-1,242.751141408099,12.7794775429162,243.658565580781,13.0709676550965,27.8868826031556,0.953092395660361
1283,36.0831241,140.0790567,242.017290068549,13.3234130306216,-6.61714557702954,0,0,-0.999542457399081,0.005350072438097,2,2,0,0,1,-1,241.194756000462,13.3583388954781,242.017290068549,13.3234130306216,27.3827351582493,0.823275232957135
1284,36.0831231,140.0790329,239.862745021644,13.2954343379867,-6.58563326505507,0,0,-0.999350103578795,-0.019951019214746,2,2,0,0,1,-1,239.053601507817,13.2470194049659,239.862745021644,13.2954343379867,27.2224713904091,0.810590668406877
1285,36.0831262,140.079014,238.272000492458,13.5257995485645,-6.58907747384415,0,0,-0.999340127644046,0.010436954411433,2,2,0,0,1,-1,237.353272941934,13.5921098257119,238.272000492458,13.5257995485645,26.9194738859657,0.921117454480471
1286,36.0831264,140.0790046,237.328001974396,13.5664214735495,-6.59639814083618,0,0,-0.99944934738395,-0.012095381640999,2,2,0,0,1,-1,236.507606881169,13.6143737241308,237.328001974396,13.5664214735495,26.8388576619592,0.821795307438178
1287,36.08313,140.0789829,235.592631373501,13.9522419666146,-6.5864117083627,0,0,-0.999292495210575,0.00380655300353,2,2,0,0,1,-1,234.555377786438,14.0151238909239,235.592631373501,13.9522419666146,26.6107524721049,1.03915789958926
1288,36.0831191,140.0789411,231.627203958136,13.0143163507587,-6.47518089465344,0,0,-0.9984645708206,0.045357985239624,2,2,0,0,1,-1,230.794862752666,12.801741441335,231.627203958136,13.0143163507587,26.44941655188,0.859057608336006
1289,36.0831192,140.0789336,230.975854933672,13.0453153670824,-6.45299007201731,0,0,-0.999229232868599,-0.017999956548961,2,2,0,0,1,-1,230.120129195993,12.8128733905445,230.975854933672,13.0453153670824,26.393554651963,0.886733224021455
1290,36.0831215,140.0789167,229.370980512156,13.1511330219555,-6.4308850629524,0,0,-0.99921738444822,0.004184160167126,2,2,0,0,1,-1,228.599729578556,13.0689082191972,229.370980512156,13.1511330219555,26.0690704825876,0.775621635056561
1291,36.0831214,140.0788975,227.671865669208,13.0626792514185,-6.40750675922971,0,0,-0.999106324396007,-0.020391109413996,2,2,0,0,1,-1,226.872411666826,13.0577762699877,227.671865669208,13.0626792514185,25.7967044233625,0.799469037018944
1292,36.0831307,140.0788664,224.877517795658,14.2213470860512,-6.44892172150986,0,0,-0.998985870245501,0.018652414913063,2,2,0,0,1,-1,224.074516511331,14.0930475345989,224.877517795658,14.2213470860512,25.6062792155334,0.813186225617438
1293,36.0831301,140.078852,223.508702851858,14.1395577254037,-6.39799205480395,0,0,-0.999256608609529,-0.002104197830858,2,2,0,0,1,-1,222.779028079451,14.0262558401333,223.508702851858,14.1395577254037,25.4423935926059,0.738418980453245
1294,36.0831377,140.078823,221.02220835238,14.9846053770859,-6.39888743518654,0,0,-0.998516226813484,0.032148608967492,2,2,0,0,1,-1,220.170058321869,14.8722839705573,221.02220835238,14.9846053770859,25.1516629907834,0.859520664593559
1295,36.0831369,140.0788094,219.771561631317,14.9948313962704,-6.34673638122939,0,0,-0.999332678006968,-0.001309484605032,2,2,0,0,1,-1,218.946541467834,14.783228377673,219.771561631317,14.9948313962704,25.1112371071196,0.851724196928413
1296,36.08314,140.0787879,218.11046811299,15.2480255735048,-6.33807764558129,0,0,-0.998947261435105,0.007696231124276,2,2,0,0,1,-1,217.012305266925,15.12831879921,218.11046811299,15.2480255735048,24.8085527408791,1.10466798101954
1297,36.083138,140.0787666,215.881962978073,15.3528684275984,-6.32583950143992,0,0,-0.999282460434523,-0.012668603927768,2,2,0,0,1,-1,215.096061962395,14.9056798173946,215.881962978073,15.3528684275984,24.9099231985028,0.904222350718453
1298,36.0831404,140.0787377,213.478218248487,15.4368708025655,-6.25982927930306,0,0,-0.999256370509739,0.005471007277085,2,2,0,0,1,-1,212.496088651725,15.1728465952567,213.478218248487,15.4368708025655,24.4374891639486,1.0169991774242
1299,36.083141,140.0787254,212.329715205071,15.6051671662263,-6.25554503371869,0,0,-0.999332814212183,-0.003933927365044,2,2,0,0,1,-1,211.389525615202,15.2396382897222,212.329715205071,15.6051671662263,24.412702250666,1.00874566886672
1300,36.0831525,140.078682,208.47924894984,16.924413448001,-6.26383888189144,0,0,-0.987953932074568,-0.151632901550154,2,2,0,0,1,-1,207.485067423184,16.5198124337766,208.47924894984,16.924413448001,24.0154008465532,1.07335869524391
1301,36.0831558,140.0786684,207.373559346769,17.1700478516352,-6.27491653118438,0,0,-0.999251113267256,0.003922412120951,2,2,0,0,1,-1,206.261550571705,16.8871667537325,207.373559346769,17.1700478516352,23.7589311579387,1.14742547965843
1302,36.0831547,140.078657,206.240793430964,17.3960881267254,-6.24992129036478,0,0,-0.99949409563929,-0.001941462205161,2,2,0,0,1,-1,205.235955562494,16.7647153140109,206.240793430964,17.3960881267254,23.9884329577068,1.1867311281608
1303,36.0831649,140.0786408,204.902182140413,18.2468300997395,-6.26457191205958,0,0,-0.999135775260415,0.016168636933028,2,2,0,0,1,-1,203.77853107599,17.9001741199248,204.902182140413,18.2468300997395,23.5456838657217,1.17590904534265
1304,36.0831534,140.0786083,201.96611241747,17.3824702720519,-6.14875926267292,0,0,-0.999622789832939,-0.002733784216714,2,2,0,0,1,-1,200.854685656072,16.6199999758704,201.96611241747,17.3824702720519,23.6243298951713,1.34782432034431
1305,36.0831534,140.0786083,201.951669903422,17.3563182740726,-6.14572067694418,0,0,-0.999527808363754,0.003036976887041,2,2,0,0,1,-1,200.854685656072,16.6199999758704,201.951669903422,17.3563182740726,23.597869538999,1.32118850857914
1306,36.0831536,140.0786076,201.833647756493,17.1309536121339,-6.12868630344008,0,0,-0.999307339090265,0.012278464935749,2,2,0,0,1,-1,200.791710525138,16.6422638734983,201.833647756493,17.1309536121339,23.3421237084446,1.1508478851404
1308,36.0831538,140.0786067,201.578301800737,16.9768807073574,-6.11855606797521,0,0,-0.999241326288885,-0.00135442993596,2,2,0,0,1,-1,200.710742497826,16.6645277719171,201.578301800737,16.9768807073574,23.1540330862341,0.922075647842716
1309,36.0831565,140.0785887,200.195499736259,17.467135814465,-6.14294277443773,0,0,-0.999222304966279,0.010349956623484,2,2,0,0,1,-1,199.091381956698,16.9650903974075,200.195499736259,17.467135814465,23.1652966680382,1.21289969574224
1310,36.0831548,140.0785676,198.088989110848,17.4748017307852,-6.09133351965895,0,0,-0.99944123083665,-0.001293133285665,2,2,0,0,1,-1,197.19313154599,16.7758472624293,198.088989110848,17.4748017307852,23.1428603922277,1.13626498905357
1311,36.0831605,140.0785431,195.964184520622,18.1144790114269,-6.16416169897375,0,0,-0.998800723352314,0.017096887279368,2,2,0,0,1,-1,194.989001922412,17.4103683602473,195.964184520622,18.1144790114269,22.9023951367091,1.2028104210378
1312,36.0831573,140.0785213,194.020331623627,18.1146452351867,-6.07122012958846,0,0,-0.999345913795349,-0.008591358767542,2,2,0,0,1,-1,193.02777638077,17.0541459895008,194.020331623627,18.1146452351867,23.0349005358909,1.45252351451595
1313,36.0831636,140.0784935,191.47457728408,18.3653808859988,-6.01892677478145,0,0,-0.998740488962505,0.016961369024307,2,2,0,0,1,-1,190.526763991234,17.7554587817843,191.47457728408,18.3653808859988,22.3041674654616,1.12710026674869
1314,36.083163,140.078473,189.663446445663,18.5982047460662,-5.9964500211239,0,0,-0.998921862233251,-0.000152653525934,2,2,0,0,1,-1,188.682492264548,17.6886670873188,189.663446445663,18.5982047460662,22.3946935721278,1.33773310422024
1315,36.0831696,140.078438,186.652253350188,19.5460194681538,-6.01402371616654,0,0,-0.999074435681217,0.018171846199696,2,2,0,0,1,-1,185.533735659072,18.4233757264396,186.652253350188,19.5460194681538,22.2562183698362,1.58474313254534
1316,36.0831684,140.078417,184.669975898359,19.3583104949885,-5.94685288338742,0,0,-0.998813948168643,-0.024964464238354,2,2,0,0,1,-1,183.644481695275,18.2897923375086,184.669975898359,19.3583104949885,21.9865268609037,1.48100284045131
1317,36.0831737,140.0783736,180.69164817155,20.1209872748932,-5.90869516843916,0,0,-0.999188230142979,-0.022261685212213,2,2,0,0,1,-1,179.740023503256,18.8797856384889,180.69164817155,20.1209872748932,21.7203832731559,1.56402398048031
1318,36.0831745,140.0783662,180.05364881143,20.2015442557404,-5.8891428939857,0,0,-0.999257762848468,0.002476508999806,2,2,0,0,1,-1,179.074286393495,18.9688412313732,180.05364881143,20.2015442557404,21.6370407457838,1.57439114960318
1319,36.0831745,140.0783397,177.639604514738,20.3697068892016,-5.85553988860555,0,0,-0.999621730465533,-0.005564378219664,2,2,0,0,1,-1,176.690227818914,18.9688412313732,177.639604514738,20.3697068892016,21.5352637238056,1.69225905282158
1320,36.0831777,140.0783133,175.312964189788,20.7813915680568,-5.83480181262774,0,0,-0.999056810906372,0.015150458382687,2,2,0,0,1,-1,174.315165693801,19.3250636021197,175.312964189788,20.7813915680568,21.3240376183979,1.76535916542922
1321,36.083175,140.0782846,172.831783458684,20.6570242189109,-5.74845823648903,0,0,-0.999156869965489,-0.00436820042213,2,2,0,0,1,-1,171.733185276952,19.0245009766293,172.831783458684,20.6570242189109,21.2058029660693,1.96775255087989
1322,36.0831785,140.0782603,170.630501059283,21.07195339211,-5.74041537542477,0,0,-0.998258762470308,0.029806977653315,2,2,0,0,1,-1,169.547048547196,19.4141191942131,170.630501059283,21.07195339211,20.985973112333,1.98047559279674
1323,36.0831761,140.0782419,169.041330999077,21.0616112361883,-5.70461796823193,0,0,-0.99914289345905,-3.46182196387772E-05,2,2,0,0,1,-1,167.891702218424,19.146952416351,169.041330999077,21.0616112361883,21.0536663311813,2.23328563548997
1324,36.0831765,140.0782346,168.36888184074,21.1469034288725,-5.69806436776505,0,0,-0.999055108354413,0.009296827515912,2,2,0,0,1,-1,167.234961555574,19.1914802131886,168.36888184074,21.1469034288725,21.0202757125176,2.26041039759323
1325,36.0831754,140.0782132,166.299919916575,21.0064990394198,-5.65880078797754,0,0,-0.999207569549589,-0.010661513387099,2,2,0,0,1,-1,165.309721801576,19.069028773467,166.299919916575,21.0064990394198,20.7837168362476,2.17584083480377
1326,36.0831813,140.0781656,162.365967927435,21.8571560242631,-5.57144675850305,0,0,-0.998940799258134,0.026420047144646,2,2,0,0,1,-1,161.027412818844,19.7258137689128,162.365967927435,21.8571560242631,20.4970055910917,2.51681337968828
1327,36.0831808,140.0781538,161.067216882595,21.9025160700528,-5.56309649927561,0,0,-0.999329439641234,0.000145035111108,2,2,0,0,1,-1,159.965832019432,19.6701540236567,161.067216882595,21.9025160700528,20.4771791822108,2.48927477852366
1328,36.08319,140.0781174,158.011289921878,23.0991383853346,-5.56846034232622,0,0,-0.999049209263354,0.019027364068288,2,2,0,0,1,-1,156.691125149532,20.6942933390585,158.011289921878,23.0991383853346,20.2851286994541,2.74337651858819
1329,36.08319,140.0781077,157.095691943792,23.2564569118711,-5.57404812713937,0,0,-0.999354829527799,-0.010687919221282,2,2,0,0,1,-1,155.818469748035,20.6942933390585,157.095691943792,23.2564569118711,20.3437034935307,2.86286197906634
1330,36.0831948,140.0780745,154.302406627717,23.5970852586828,-5.5202669704617,0,0,-0.999107627301094,0.002426841517984,2,2,0,0,1,-1,152.831649194626,21.2286268947827,154.302406627717,23.5970852586828,19.815106023436,2.7879602666681
1331,36.0831947,140.0780577,152.756194532257,23.7110467762153,-5.51604872435777,0,0,-0.999626679177274,-0.001399163003778,2,2,0,0,1,-1,151.320246024099,21.2174949455732,152.756194532257,23.7110467762153,19.7688821407528,2.87745527335868
1332,36.0831973,140.0780409,151.141822411705,24.3180246214877,-5.49757584484626,0,0,-0.999210466613808,0.006368807833574,2,2,0,0,1,-1,149.808842853573,21.5069256218542,151.141822411705,24.3180246214877,19.9175910812952,3.11112714110791
1333,36.083195,140.0780077,148.089525684433,24.2484247120093,-5.43340754478873,0,0,-0.999459607951016,0.000456114119271,2,2,0,0,1,-1,146.822022302721,21.2508907924105,148.089525684433,24.2484247120093,19.7645596720625,3.25450064092754
1334,36.0832033,140.0779732,145.184225517626,25.2149082470015,-5.41888641600735,0,0,-0.999441396867467,0.009814588444054,2,2,0,0,1,-1,143.718247934356,22.1748425665094,145.184225517626,25.2149082470015,19.4609143507255,3.37506883135103
1335,36.0832027,140.0779568,143.651418840893,24.9483651760539,-5.3797058845867,0,0,-0.999369803360952,-0.000119737953951,2,2,0,0,1,-1,142.242830551473,22.1080508720439,143.651418840893,24.9483651760539,19.0940993879829,3.17041106398754
1336,36.0832056,140.0779297,141.275490051658,25.3119753546399,-5.33249907282868,0,0,-0.999322889486151,0.002918054607209,2,2,0,0,1,-1,139.804793295427,22.4308773951621,141.275490051658,25.3119753546399,18.8607429279822,3.23476033129149
1337,36.0832049,140.0779037,138.944507350469,25.362809911049,-5.26171896084686,0,0,-0.9992561864308,-0.009407426554241,2,2,0,0,1,-1,137.465716960515,22.3529537514872,138.944507350469,25.362809911049,18.7240605019682,3.35351384650103
1338,36.0832073,140.0778847,137.163029584086,25.5770633209713,-5.23450405717243,0,0,-0.999172773087359,0.002976940065048,2,2,0,0,1,-1,135.756391945163,22.6201205293493,137.163029584086,25.5770633209713,18.4806565012341,3.27446791405259
1339,36.0832062,140.0778609,134.99369152146,25.389161411852,-5.19208672618218,0,0,-0.999576562200013,0.000248523014631,2,2,0,0,1,-1,133.615237452519,22.4976690896277,134.99369152146,25.389161411852,18.1724009741127,3.20325825834624
1340,36.0832118,140.0778334,132.505598420588,26.0645186457106,-5.15039989388828,0,0,-0.998555664557029,0.030708667576463,2,2,0,0,1,-1,131.141214406272,23.1210582382362,132.505598420588,26.0645186457106,17.9502198670381,3.24430314688526
1341,36.0832069,140.0777859,128.384119699978,25.6102185164554,-5.05064149743097,0,0,-0.995490346445868,0.085741993509517,2,2,0,0,1,-1,126.867901867894,22.5755927333026,128.384119699978,25.6102185164554,17.5506125528005,3.39232518460498
1342,36.0832015,140.0777509,125.401214882138,24.9600817340232,-4.96236222528284,0,0,-0.998682358733244,0.038234034942029,2,2,0,0,1,-1,123.719145262418,21.9744674831129,125.401214882138,24.9600817340232,17.1396683354513,3.42684266648243
1345,36.0832017,140.0777436,124.702630855754,25.0105675984228,-4.93330980818004,0,0,-0.999341807079039,-0.015776018986567,2,2,0,0,1,-1,123.062404599567,21.9967313807407,124.702630855754,25.0105675984228,17.0937494101214,3.43126083510105
1346,36.0832041,140.0777311,123.3736727042,25.3010333979108,-4.96509836185288,0,0,-0.999402661124034,0.003429119600427,2,2,0,0,1,-1,121.937848669222,22.2638981586028,123.3736727042,25.3010333979108,16.9939646454769,3.35943166640837
1347,36.0832022,140.0776874,119.369532031622,24.8757433837707,-4.79013651185137,0,0,-0.992508659264167,0.111042281590012,2,2,0,0,1,-1,118.006401136471,22.0523911259968,119.369532031622,24.8757433837707,16.3351787409352,3.13519438134101
1348,36.0831976,140.077641,115.392386737927,24.1788391504381,-4.62499584322224,0,0,-0.980154115206193,0.192956904247013,2,2,0,0,1,-1,113.832049521784,21.5403214686915,115.392386737927,24.1788391504381,15.6706331080643,3.06535932395727
1349,36.0831909,140.077613,112.954878313218,23.5590409083349,-4.49979595315888,0,0,-0.999167016135578,-0.005932242297773,2,2,0,0,1,-1,111.313044235869,20.7944808803613,112.954878313218,23.5590409083349,15.5058811220781,3.21533999536834
1350,36.0831944,140.0775923,110.927093778221,23.9746210220667,-4.41887506155792,0,0,-0.998850331487824,0.004038864001646,2,2,0,0,1,-1,109.450779615361,21.184099097945,110.927093778221,23.9746210220667,15.3249876308814,3.15697895407391
1351,36.083191,140.0775649,108.822412406565,23.6181035719789,-4.3207828925874,0,0,-0.99913606968745,-0.004123476074244,2,2,0,0,1,-1,106.985753016025,20.8056128295707,108.822412406565,23.6181035719789,15.0647101800751,3.35908051302573
1352,36.0831934,140.0775512,107.69143898176,23.7211635164482,-4.25566452997016,0,0,-0.998972042017111,0.002855968608923,2,2,0,0,1,-1,105.753239715079,21.0727796074328,107.69143898176,23.7211635164482,14.7636046208215,3.28185217931814
1353,36.083188,140.0775337,105.736020984198,22.7848313922461,-4.07452024690167,0,0,-0.84700779007069,0.529282772356235,2,2,0,0,1,-1,104.178861413619,20.471654357243,105.736020984198,22.7848313922461,14.2446818403091,2.78846443827286
1354,36.083152,140.0775239,104.991686012726,18.7517801625092,-3.92004973635478,0,0,-0.66549894295338,0.745283888068605,2,2,0,0,1,-1,103.297209562654,16.4641526885205,104.991686012726,18.7517801625092,14.1018656852817,2.84683857982826
1355,36.0831184,140.0775092,103.061088185785,15.2324981578751,-3.68864225561873,0,0,-0.779773028643147,0.624490622232039,2,2,0,0,1,-1,101.974731787484,12.7238177976601,103.061088185785,15.2324981578751,14.1436064385749,2.73379724446729
1356,36.0830831,140.0774996,102.218301227985,11.2833656378812,-3.50623610217209,0,0,-0.850674137022465,0.524260404502694,2,2,0,0,1,-1,101.111072832898,8.79423977261252,102.218301227985,11.2833656378812,14.018448909841,2.72428014198936
1357,36.0830467,140.0774953,101.910759471318,7.2084177079896,-3.34373124233794,0,0,-0.583527945456762,0.811569040049417,2,2,0,0,1,-1,100.724225592716,4.74221030784331,101.910759471318,7.2084177079896,13.9653376142277,2.73679403419511
1358,36.0830121,140.0774911,101.061920193146,3.20123597850051,-3.17435117439076,0,0,-0.767546822089268,0.640074241966716,2,2,0,0,1,-1,100.346374802002,0.890555926470669,101.061920193146,3.20123597850051,13.7397502716292,2.4189352016199
1359,36.0829772,140.0774917,101.155845197584,-0.805349978924118,-3.03489382542618,0,0,-0.684076266462667,0.728752383774368,2,2,0,0,1,-1,100.400353486025,-2.99449430253022,101.155845197584,-0.805349978924118,13.6528203384574,2.31584122854118
1360,36.0829404,140.0774856,100.525141410534,-4.8263104318358,-2.83920886752735,0,0,-0.760899553444288,0.647852797454643,2,2,0,0,1,-1,99.8515701912186,-7.09105156334613,100.525141410534,-4.8263104318358,13.693461063629,2.36278449720775
1361,36.0829042,140.0774778,99.7800687940805,-8.84984794103777,-2.64938402173072,0,0,-0.718162210722756,0.694858504925778,2,2,0,0,1,-1,99.1498472912563,-11.1208171296965,99.7800687940805,-8.84984794103777,13.6651284779104,2.35679447522676
1362,36.0828668,140.0774797,99.7949056186886,-12.9078321839051,-2.4969979051644,0,0,-0.640763327850324,0.766998393919943,2,2,0,0,1,-1,99.3207797927914,-15.2841660857689,99.7949056186886,-12.9078321839051,13.8230341974574,2.42317108598016
1363,36.0828304,140.0774745,99.3033979236923,-16.97053151113,-2.32690478802621,0,0,-0.780594440575804,0.623932794848302,2,2,0,0,1,-1,98.8529645252975,-19.3361955505381,99.3033979236923,-16.97053151113,13.8312124653135,2.40816456948817
1364,36.082796,140.077473,99.3432895920452,-20.9841143569652,-2.13664322808579,0,0,-0.596799883151843,0.8013148433952,2,2,0,0,1,-1,98.718017813963,-23.1655860334919,99.3432895920452,-20.9841143569652,13.7724763494887,2.26931343625212
1365,36.0827584,140.0774698,99.0098572908657,-25.08374525603,-1.9789107300075,0,0,-0.814563910077179,0.578785809692905,2,2,0,0,1,-1,98.4301314949152,-27.3511988879832,99.0098572908657,-25.08374525603,13.9239809504202,2.34039055961777
1366,36.0827231,140.0774637,98.5503797766017,-29.0574741402556,-1.7955909687434,0,0,-0.693938780208963,0.719458253448939,2,2,0,0,1,-1,97.8813482001092,-31.2807769130308,98.5503797766017,-29.0574741402556,13.9738583043606,2.32178346746069
1367,36.0826878,140.0774663,98.731900301834,-33.1005909008833,-1.64399292928835,0,0,-0.624521291313505,0.780115481833502,2,2,0,0,1,-1,98.1152558351347,-35.2103549380783,98.731900301834,-33.1005909008833,14.0110290750342,2.19803427883931
1368,36.0826496,140.0774649,98.512141600126,-37.2154799998083,-1.47373322665386,0,0,-0.653871949685961,0.755891312971514,2,2,0,0,1,-1,97.989305570711,-39.4627594862441,98.512141600126,-37.2154799998083,14.2482629643635,2.30729768426393
1369,36.0826354,140.0774632,98.4830891888323,-38.6528104538022,-1.4193507937264,0,0,-0.148550372827686,0.988729843446773,2,2,0,0,1,-1,97.8363659629977,-41.0434962549979,98.4830891888323,-38.6528104538022,14.4757804431099,2.47661654901857
1370,36.082635,140.0774633,98.3781685959762,-38.6498045745135,-1.41957753924459,0,0,-0.090286508919784,0.995761710840288,2,2,0,0,1,-1,97.8453624124656,-41.0880240518356,98.3781685959762,-38.6498045745135,14.475769514548,2.49575572698534
